id,categoria_id,nombre,descripcion,ingredientes,preparacion,tiempo_minutos,dificultad,imagen_asset,bebida,acompanamiento,video_url
"1","1","Pan con palta","Pan francés crocante con palta fresca aplastada y un toque de sal.","[""4 panes franceses"",""2 paltas maduras grandes"",""Sal al gusto"",""1 limón""]","[""Cortar el pan francés por la mitad sin llegar a separarlo del todo y tostarlo unos minutos hasta que la corteza quede crocante"",""Pelar la palta madura y retirar la pepa, colocando la pulpa en un bowl"",""Aplastar la palta con un tenedor hasta lograr una pasta suave con algunos trozos"",""Sazonar con sal al gusto y unas gotas de limón, mezclando bien para evitar que se oxide"",""Untar generosamente la palta sazonada sobre el pan tostado"",""Servir de inmediato para disfrutar el pan crocante con la palta fresca""]","10","facil","/assets/images/recetas/pan_con_palta.jpg","Café pasado",,
"2","1","Pan con chicharrón","Chicharrón de cerdo crocante servido en pan francés con salsa criolla y camote.","[""4 panes franceses"",""500 g de panceta o pierna de cerdo"",""2 camotes medianos, en rodajas"",""1 cebolla roja mediana"",""2 limones"",""1 ají amarillo, en tiras""]","[""Cortar la carne de cerdo en trozos medianos y sazonar con sal, comino y ajo molido"",""Freír el cerdo en su propia grasa a fuego medio hasta que quede dorado y crocante por fuera y jugoso por dentro"",""Pelar y cortar el camote en rodajas gruesas y freírlo aparte hasta que dore"",""Cortar la cebolla en pluma fina y lavarla con agua fría para suavizar su sabor"",""Preparar la salsa criolla mezclando la cebolla con limón, sal, ají amarillo en tiras finas y un poco de culantro picado"",""Abrir el pan francés y colocar dentro el chicharrón caliente junto con las rodajas de camote frito"",""Coronar con abundante salsa criolla y servir de inmediato""]","35","media","/assets/images/recetas/pan_con_chicharron.jpg","Café pasado","Camote frito",
"3","1","Pan con tamal","Tamal de maíz relleno de pollo envuelto en pan, clásico desayuno limeño.","[""4 tamales de maíz con pollo"",""150 g de pollo deshilachado adicional"",""4 panes franceses"",""1 taza de salsa criolla""]","[""Colocar el tamal envuelto en su panca sobre una vaporera y calentar por 10 minutos hasta que esté bien caliente"",""Retirar con cuidado la panca de choclo o plátano que envuelve el tamal"",""Cortar el tamal en rodajas gruesas, procurando que conserve el relleno de pollo en cada trozo"",""Preparar una salsa criolla fresca con cebolla en pluma, limón, sal y un toque de ají amarillo"",""Abrir el pan francés por la mitad y colocar las rodajas de tamal dentro"",""Añadir la salsa criolla por encima y cerrar el pan"",""Servir tibio acompañado de una taza de café pasado""]","15","facil","/assets/images/recetas/pan_con_tamal.jpg","Café pasado",,
"4","1","Pan con tortilla","Tortilla de verduras esponjosa servida caliente en pan francés.","[""4 huevos"",""1 taza de verduras picadas (cebolla, tomate y pimiento)"",""4 panes franceses"",""1/2 cucharadita de sal"",""1/4 cucharadita de pimienta""]","[""Picar finamente las verduras (cebolla, tomate, pimiento) en cubos pequeños"",""Batir los huevos enérgicamente en un bowl junto con sal y pimienta al gusto"",""Incorporar las verduras picadas a los huevos batidos y mezclar bien"",""Calentar una sartén con un poco de aceite a fuego medio"",""Verter la mezcla y cocinar tapado unos 3 minutos hasta que cuaje por debajo"",""Voltear la tortilla con ayuda de un plato y cocinar el otro lado hasta dorar ligeramente"",""Colocar la tortilla caliente dentro del pan francés recién partido y servir""]","15","facil","/assets/images/recetas/pan_con_tortilla.jpg","Emoliente",,
"5","1","Pan con huevo","Huevo frito o revuelto servido en pan francés recién horneado.","[""4 huevos"",""4 panes franceses"",""Sal al gusto"",""2 cucharadas de aceite""]","[""Calentar un chorrito de aceite en una sartén pequeña a fuego medio"",""Romper el huevo directamente sobre la sartén caliente, cuidando que la yema no se rompa si se desea frito"",""Sazonar con sal apenas se vierte el huevo"",""Cocinar hasta que la clara esté firme y la yema al punto deseado, o revolver constantemente si se prefiere revuelto"",""Retirar el huevo con una espátula procurando mantener su forma"",""Colocar el huevo caliente dentro del pan francés recién abierto y servir de inmediato""]","8","facil","/assets/images/recetas/pan_con_huevo.jpg","Leche con café",,
"6","1","Humitas","Masa de choclo tierno al vapor envuelta en su propia panca, dulce o salada.","[""8 choclos tiernos con panca"",""4 cucharadas de manteca"",""1 cucharadita de anís"",""Sal o azúcar al gusto"",""16 pancas de choclo para envolver""]","[""Desgranar los choclos tiernos y reservar las pancas más grandes y en buen estado para envolver"",""Moler los granos de choclo en una licuadora o batán junto con el anís hasta obtener una masa espesa"",""Calentar la manteca en una sartén y mezclarla con la masa de choclo, sazonando con sal o azúcar según se prefiera dulce o salada"",""Cocinar la masa a fuego suave por 5 minutos, revolviendo constantemente hasta que espese un poco más"",""Colocar dos cucharadas de masa en el centro de cada panca y doblar los extremos formando un paquete"",""Amarrar cada humita con tiras de la misma panca o pabilo"",""Colocar las humitas en una olla con agua hirviendo, apoyadas sobre más pancas en el fondo, y cocer al vapor durante 40 minutos"",""Retirar, dejar reposar unos minutos y servir calientes""]","60","dificil","/assets/images/recetas/humitas.jpg","Café pasado",,
"7","1","Tamales","Masa de maíz rellena de pollo o cerdo, envuelta en hoja de plátano y cocida al vapor.","[""1 kg de maíz pelado"",""500 g de pollo o cerdo, en trozos"",""4 cucharadas de ají panca licuado"",""8 hojas de plátano"",""8 aceitunas de botija""]","[""Remojar el maíz pelado la noche anterior y luego molerlo hasta obtener una masa fina"",""Sofreír ají panca licuado con ajo y cebolla, e incorporarlo a la masa de maíz junto con manteca y sal, cocinando a fuego lento hasta espesar"",""Sazonar y cocer el pollo o cerdo en trozos con sal, comino y un poco del mismo aderezo de ají panca"",""Pasar las hojas de plátano por fuego directo unos segundos para flexibilizarlas y lavarlas bien"",""Colocar una porción de masa sobre la hoja, añadir un trozo de carne y una aceituna en el centro"",""Envolver la hoja formando un paquete rectangular y amarrar firmemente con pabilo o tiras de la misma hoja"",""Acomodar los tamales en una olla grande sobre una base de hojas y cocer al vapor durante 90 minutos"",""Verificar el punto de cocción, dejar reposar 10 minutos y servir calientes con salsa criolla""]","90","dificil","/assets/images/recetas/tamales.jpg","Café pasado",,
"8","1","Pan con queso fresco","Pan francés con láminas de queso fresco andino.","[""4 panes franceses"",""200 g de queso fresco"",""2 cucharadas de mantequilla""]","[""Cortar el pan francés por la mitad sin separarlo completamente"",""Untar una capa fina de mantequilla en ambos lados del pan"",""Cortar el queso fresco en láminas de aproximadamente medio centímetro de grosor"",""Rellenar el pan con dos o tres láminas de queso fresco"",""Presionar ligeramente para que el queso se adhiera bien y servir de inmediato""]","5","facil","/assets/images/recetas/pan_con_queso_fresco.jpg","Emoliente",,
"9","1","Pan con aceitunas","Pan francés con aceitunas de botija molidas al estilo criollo.","[""4 panes franceses"",""150 g de aceitunas de botija"",""1/2 ají amarillo, picado"",""100 g de queso fresco (opcional)""]","[""Deshuesar las aceitunas de botija con cuidado, retirando toda la pepa"",""Triturar las aceitunas en un mortero o procesadora hasta formar una pasta gruesa"",""Mezclar la pasta con un toque de ají amarillo picado y, si se desea, unos trozos pequeños de queso fresco"",""Probar y ajustar el sabor, ya que la aceituna aporta bastante sal por sí sola"",""Abrir el pan francés y untar generosamente la pasta de aceitunas"",""Servir de inmediato acompañado de café pasado""]","10","facil","/assets/images/recetas/pan_con_aceitunas.jpg","Café pasado",,
"10","1","Sándwich de pollo","Pollo deshilachado con mayonesa y apio, un clásico de panadería peruana.","[""2 pechugas de pollo (400 g)"",""4 cucharadas de mayonesa"",""1 tallo de apio, picado"",""4 panes franceses""]","[""Cocer la pechuga de pollo en agua con sal durante 20 minutos hasta que esté bien cocida"",""Dejar enfriar y deshilachar la pechuga con las manos o dos tenedores en tiras finas"",""Picar el apio en cubos muy pequeños"",""Mezclar el pollo deshilachado con la mayonesa y el apio picado hasta integrar bien"",""Sazonar con sal y pimienta al gusto"",""Rellenar el pan francés con la mezcla y servir frío o a temperatura ambiente""]","25","facil","/assets/images/recetas/sandwich_de_pollo.jpg","Chicha morada",,
"11","1","Sándwich de jamón","Pan francés con jamón y queso, simple y rápido.","[""4 panes franceses"",""8 láminas de jamón"",""8 láminas de queso"",""2 cucharadas de mantequilla""]","[""Cortar el pan francés por la mitad sin separarlo del todo"",""Untar una capa fina de mantequilla en ambos lados"",""Colocar una o dos láminas de jamón sobre el pan"",""Añadir una lámina de queso encima del jamón"",""Cerrar el pan y, si se desea, tostarlo ligeramente en sartén o plancha para que el queso se derrita un poco"",""Servir de inmediato""]","5","facil","/assets/images/recetas/sandwich_de_jamon.jpg","Jugo de papaya",,
"12","1","Pan con pollo","Pan francés relleno de pollo deshilachado con mayonesa y lechuga.","[""4 panes franceses"",""400 g de pechuga de pollo cocida"",""1/2 taza de mayonesa"",""4 hojas de lechuga"",""1 limón"",""Pimienta al gusto""]","[""Cocinar la pechuga en agua con sal, ajo y laurel hasta que esté tierna"",""Dejarla enfriar dentro de su caldo para que no se seque"",""Deshilachar el pollo con las manos siguiendo la fibra de la carne"",""Mezclarlo con mayonesa, sal, pimienta y unas gotas de limón"",""Abrir el pan francés por la mitad sin separarlo del todo"",""Colocar una hoja de lechuga y encima una porción generosa del pollo"",""Servir de inmediato con ají al gusto""]","25","facil","/assets/images/recetas/pan_con_pollo.jpg","Café pasado",,
"13","1","Butifarra","Pan francés con jamón del país, salsa criolla y lechuga.","[""4 panes franceses"",""300 g de jamón del país en lonjas"",""1 cebolla roja en pluma"",""1 ají limo picado"",""2 limones"",""4 hojas de lechuga""]","[""Cortar el jamón del país en lonjas delgadas"",""Preparar la salsa criolla con cebolla en pluma fina"",""Enjuagar la cebolla en agua fría para quitarle el picor fuerte"",""Aliñarla con limón, sal, pimienta, ají limo y un chorrito de aceite"",""Abrir el pan y colocar una hoja de lechuga en la base"",""Acomodar las lonjas de jamón del país encima"",""Coronar con abundante salsa criolla y cerrar el pan""]","20","facil","/assets/images/recetas/butifarra.jpg","Café pasado",,
"14","1","Pan con lechón","Pan relleno de lechón horneado con camote frito y salsa criolla.","[""4 panes francés"",""400 g de lechón horneado"",""2 camotes en rodajas fritas"",""1 cebolla roja en pluma"",""2 limones"",""1 ají limo picado""]","[""Cortar el lechón horneado en tajadas delgadas aprovechando la parte crocante"",""Calentarlo brevemente en sartén para que recupere su textura"",""Freír las rodajas de camote hasta que estén doradas y dulces"",""Preparar la salsa criolla con cebolla en pluma, limón, ají limo y sal"",""Abrir el pan y colocar las rodajas de camote frito en la base"",""Acomodar encima las tajadas de lechón"",""Terminar con salsa criolla y cerrar el pan""]","25","facil","/assets/images/recetas/pan_con_lechon.jpg","Chicha morada",,
"15","1","Pan con pavo","Pan relleno de pavo horneado con salsa criolla, clásico de fiestas.","[""4 panes franceses"",""400 g de pavo horneado en tajadas"",""1 cebolla roja en pluma"",""2 limones"",""4 hojas de lechuga"",""1 ají limo picado""]","[""Cortar el pavo horneado en tajadas delgadas contra la fibra"",""Calentarlo apenas para que no pierda jugosidad"",""Preparar la salsa criolla cortando la cebolla en pluma muy fina"",""Aliñar la cebolla con limón, sal, pimienta y ají limo picado"",""Abrir el pan y colocar una hoja de lechuga"",""Acomodar las tajadas de pavo encima"",""Coronar con salsa criolla bien escurrida y servir""]","20","facil","/assets/images/recetas/pan_con_pavo.jpg","Chocolate caliente",,
"16","1","Pan con asado","Pan relleno de asado de res en su jugo con cebolla encurtida.","[""4 panes franceses"",""400 g de asado de res en tajadas"",""1 taza del jugo del asado"",""1 cebolla roja en pluma"",""2 limones"",""Perejil picado""]","[""Cortar el asado ya cocido en tajadas delgadas y parejas"",""Calentar las tajadas dentro de su propio jugo para que queden jugosas"",""Cortar la cebolla en pluma y encurtirla con limón, sal y perejil"",""Abrir el pan francés por la mitad"",""Mojar ligeramente la miga con el jugo del asado"",""Colocar las tajadas de carne generosamente"",""Terminar con la cebolla encurtida y cerrar el pan""]","20","facil","/assets/images/recetas/pan_con_asado.jpg","Café con leche",,
"17","1","Pan con camote frito","Pan con rodajas de camote frito caramelizado y un toque de sal.","[""4 panes franceses"",""3 camotes medianos"",""Aceite para freír"",""Sal al gusto"",""1 cucharada de azúcar"",""1 cebolla roja en pluma""]","[""Pelar los camotes y cortarlos en rodajas de medio centímetro"",""Sancocharlos brevemente para que queden tiernos por dentro"",""Escurrirlos bien y dejarlos secar unos minutos"",""Freírlos en aceite caliente hasta que caramelicen por fuera"",""Escurrir sobre papel absorbente y salar ligeramente"",""Abrir el pan y acomodar las rodajas de camote"",""Agregar salsa criolla si se desea y servir caliente""]","25","facil","/assets/images/recetas/pan_con_camote_frito.jpg","Café pasado",,
"18","1","Pan con relleno","Pan norteño con relleno de sangre de cerdo especiado.","[""4 panes franceses"",""300 g de relleno de cerdo"",""1 cebolla roja en pluma"",""2 limones"",""1 ají limo picado"",""Culantro picado""]","[""Cortar el relleno en rodajas de un centímetro de grosor"",""Calentarlo en una sartén con poco aceite hasta que dore por ambos lados"",""Cuidar que no se reseque, debe quedar crocante por fuera y suave por dentro"",""Preparar una salsa criolla con cebolla en pluma, limón, ají limo y culantro"",""Abrir el pan francés por la mitad"",""Colocar las rodajas de relleno caliente"",""Coronar con la salsa criolla y servir de inmediato""]","20","facil","/assets/images/recetas/pan_con_relleno.jpg","Café pasado",,
"19","1","Pan con salchicha huachana","Pan con salchicha huachana desmenuzada y frita con huevo.","[""4 panes franceses"",""300 g de salchicha huachana"",""3 huevos"",""1 cebolla picada"",""Culantro picado"",""Sal al gusto""]","[""Retirar la tripa de la salchicha huachana y desmenuzarla con las manos"",""Colocarla en una sartén fría y llevarla a fuego medio"",""Dejar que suelte su propia grasa anaranjada mientras se cocina"",""Remover hasta que quede suelta y ligeramente dorada"",""Batir los huevos y verterlos sobre la salchicha, revolviendo hasta cuajar"",""Rectificar la sal y agregar culantro picado"",""Rellenar el pan francés con la mezcla caliente y servir""]","20","facil","/assets/images/recetas/pan_con_salchicha_huachana.jpg","Café con leche",,
"20","1","Pan con huevo frito","Pan francés con huevo frito de yema líquida y un toque de sal.","[""4 panes franceses"",""4 huevos"",""2 cucharadas de aceite"",""Sal al gusto"",""Pimienta al gusto"",""1 cucharada de mantequilla""]","[""Calentar una sartén con aceite a fuego medio"",""Romper el huevo en un bowl pequeño antes de verterlo para no romper la yema"",""Verter el huevo en la sartén y bajar el fuego"",""Bañar la clara con el aceite caliente usando una cuchara para que cuaje pareja"",""Retirar cuando la clara esté firme y la yema siga líquida"",""Abrir el pan francés, untarlo con mantequilla y tostarlo ligeramente"",""Colocar el huevo dentro, salpimentar y servir de inmediato""]","10","facil","/assets/images/recetas/pan_con_huevo_frito.jpg","Café pasado",,
"21","1","Pan con huevo revuelto","Pan relleno de huevos revueltos cremosos con cebolla china.","[""4 panes franceses"",""6 huevos"",""2 tallos de cebolla china"",""2 cucharadas de mantequilla"",""2 cucharadas de leche"",""Sal al gusto""]","[""Batir los huevos con la leche, sal y pimienta hasta integrar bien"",""Calentar la mantequilla en una sartén a fuego bajo"",""Verter los huevos y esperar unos segundos sin remover"",""Remover suavemente con espátula formando pliegues grandes"",""Retirar del fuego cuando todavía se vean ligeramente húmedos, porque siguen cocinándose"",""Agregar la cebolla china picada y mezclar"",""Rellenar el pan y servir de inmediato""]","12","facil","/assets/images/recetas/pan_con_huevo_revuelto.jpg","Café con leche",,
"22","1","Pan con palta y huevo","Pan tostado con palta aplastada y huevo frito encima.","[""4 panes franceses"",""2 paltas maduras"",""4 huevos"",""1 limón"",""Sal al gusto"",""Pimienta al gusto""]","[""Tostar el pan francés abierto hasta que la corteza quede crocante"",""Aplastar la palta con tenedor dejando algunos trozos para dar textura"",""Sazonarla con sal, pimienta y unas gotas de limón"",""Freír los huevos dejando la yema líquida"",""Untar la palta generosamente sobre el pan tostado"",""Colocar el huevo frito encima de la palta"",""Terminar con pimienta molida y servir de inmediato""]","15","facil","/assets/images/recetas/pan_con_palta_y_huevo.jpg","Jugo de naranja",,
"23","1","Pan con atún","Pan relleno de atún con mayonesa, cebolla y limón.","[""4 panes franceses"",""2 latas de atún"",""1/2 taza de mayonesa"",""1/2 cebolla picada fina"",""1 limón"",""4 hojas de lechuga""]","[""Escurrir muy bien el atún para que el relleno no quede aguado"",""Picar la cebolla finamente y enjuagarla en agua fría"",""Mezclar el atún con la mayonesa, la cebolla, sal y pimienta"",""Agregar unas gotas de limón para realzar el sabor"",""Abrir el pan francés y colocar una hoja de lechuga"",""Rellenar con la mezcla de atún"",""Servir de inmediato para que el pan no se humedezca""]","15","facil","/assets/images/recetas/pan_con_atun.jpg","Jugo de naranja",,
"24","1","Pan con mantequilla","El desayuno más simple: pan francés caliente con mantequilla.","[""4 panes franceses"",""80 g de mantequilla"",""Sal al gusto"",""1 cucharadita de azúcar"",""Café para acompañar"",""Leche al gusto""]","[""Calentar el pan francés en el horno o tostadora unos minutos"",""Buscar que la corteza quede crocante y la miga tibia"",""Abrirlo por la mitad mientras aún está caliente"",""Untar la mantequilla de inmediato para que se derrita sobre la miga"",""Espolvorear una pizca de sal si se prefiere salado"",""O espolvorear azúcar si se prefiere dulce"",""Servir acompañado de café pasado o leche caliente""]","8","facil","/assets/images/recetas/pan_con_mantequilla.jpg","Café pasado",,
"25","1","Pan con manjar blanco","Pan francés untado con manjar blanco casero espeso.","[""4 panes franceses"",""1 taza de manjar blanco"",""1 litro de leche fresca"",""300 g de azúcar"",""1 palito de canela"",""1 cucharadita de bicarbonato""]","[""Hervir la leche con el azúcar, la canela y una pizca de bicarbonato"",""Cocinar a fuego bajo removiendo constantemente con cuchara de madera"",""Mantener el movimiento para que no se pegue al fondo de la olla"",""Cocinar entre 40 minutos y una hora hasta que espese y tome color caramelo"",""Comprobar el punto pasando la cuchara por el fondo: debe dejar un surco visible"",""Dejar enfriar completamente, porque espesa aún más al enfriar"",""Untar generosamente sobre el pan francés recién tostado""]","70","media","/assets/images/recetas/pan_con_manjar_blanco.jpg","Leche con café",,
"26","1","Pan con mermelada","Pan tostado con mermelada casera de fresa.","[""4 panes franceses"",""500 g de fresas"",""250 g de azúcar"",""1 limón"",""40 g de mantequilla"",""1 palito de canela""]","[""Lavar y cortar las fresas en cuartos retirando las hojas"",""Colocarlas en una olla con el azúcar y dejarlas macerar 30 minutos"",""Llevar a fuego medio y agregar el jugo de limón, que ayuda a que cuaje"",""Cocinar removiendo y retirando la espuma que se forma en la superficie"",""Cuando la mezcla espese y una gota cuaje en un plato frío, está lista"",""Dejar enfriar y guardar en frasco limpio"",""Tostar el pan, untar mantequilla y encima la mermelada""]","50","facil","/assets/images/recetas/pan_con_mermelada.jpg","Leche con café",,
"27","1","Pan con queso mantecoso","Pan con queso mantecoso cajamarquino derretido.","[""4 panes franceses"",""250 g de queso mantecoso"",""2 cucharadas de mantequilla"",""Sal al gusto"",""1 tomate en rodajas"",""Orégano al gusto""]","[""Cortar el queso mantecoso en láminas gruesas"",""Abrir el pan francés por la mitad"",""Untar una capa fina de mantequilla en la miga"",""Colocar las láminas de queso dentro del pan"",""Llevar al horno o sartén tapada unos minutos para que el queso se derrita"",""Agregar rodajas de tomate y un poco de orégano si se desea"",""Servir caliente mientras el queso sigue cremoso""]","12","facil","/assets/images/recetas/pan_con_queso_mantecoso.jpg","Café pasado",,
"28","1","Pan con chicharrón de pescado","Pan relleno de chicharrón de pescado crocante con salsa criolla.","[""4 panes franceses"",""400 g de filete de pescado en trozos"",""1 taza de chuño"",""1 cebolla roja en pluma"",""2 limones"",""Aceite para freír""]","[""Cortar el pescado en trozos del tamaño del pan"",""Sazonarlos con sal, pimienta, ajo y unas gotas de limón"",""Pasarlos por chuño hasta cubrirlos de manera pareja"",""Freírlos en abundante aceite caliente hasta que queden dorados"",""Escurrirlos sobre papel absorbente"",""Preparar salsa criolla con cebolla en pluma, limón, ají limo y sal"",""Rellenar el pan con el chicharrón y coronar con la salsa criolla""]","30","facil","/assets/images/recetas/pan_con_chicharron_de_pescado.jpg","Chicha morada",,
"29","1","Pan con escabeche","Pan relleno de cebolla encurtida con ají amarillo y pollo.","[""4 panes franceses"",""300 g de pollo cocido en tiras"",""2 cebollas en pluma gruesa"",""2 ajíes amarillos en tiras"",""1/4 taza de vinagre tinto"",""1 cucharadita de orégano""]","[""Saltear la cebolla en pluma gruesa con ají amarillo a fuego alto"",""Agregar orégano, comino, sal y pimienta"",""Verter el vinagre y dejar hervir un minuto para suavizar su acidez"",""Incorporar el pollo cocido en tiras y mezclar"",""Dejar enfriar un poco para que los sabores se integren"",""Abrir el pan francés por la mitad"",""Rellenar con el escabeche bien escurrido y servir""]","25","facil","/assets/images/recetas/pan_con_escabeche.jpg","Café pasado",,
"30","1","Pan con hot dog","Pan con salchicha, papas al hilo y cremas, clásico de carretilla.","[""4 panes franceses"",""4 salchichas"",""1 taza de papas al hilo"",""1/2 taza de mayonesa"",""1/4 taza de kétchup"",""1/4 taza de mostaza""]","[""Hervir las salchichas en agua caliente sin dejar que se revienten"",""Hacerles cortes diagonales superficiales para que se doren mejor"",""Dorarlas brevemente en una sartén o plancha"",""Abrir el pan francés por la mitad"",""Untar mayonesa en la base del pan"",""Colocar la salchicha y coronar con kétchup y mostaza"",""Terminar con abundantes papas al hilo y servir de inmediato""]","15","facil","/assets/images/recetas/pan_con_hot_dog.jpg","Chicha morada",,
"31","1","Pan con tocino y huevo","Pan con tocino crocante y huevo frito en su grasa.","[""4 panes franceses"",""8 lonjas de tocino"",""4 huevos"",""Pimienta al gusto"",""4 hojas de lechuga"",""1 tomate en rodajas""]","[""Colocar las lonjas de tocino en una sartén fría y llevarla a fuego medio"",""Dejar que la grasa se derrita lentamente para que el tocino quede crocante"",""Retirar el tocino y escurrirlo sobre papel absorbente"",""Freír los huevos en la misma grasa del tocino"",""Tostar el pan abierto en esa sartén para que absorba el sabor"",""Armar el pan con lechuga, tomate, tocino y huevo"",""Salpimentar y servir de inmediato""]","18","facil","/assets/images/recetas/pan_con_tocino_y_huevo.jpg","Café con leche",,
"32","1","Sándwich triple","Sándwich de pan de molde con palta, huevo y tomate en capas.","[""12 rebanadas de pan de molde"",""2 paltas maduras"",""4 huevos duros"",""2 tomates en rodajas"",""1/2 taza de mayonesa"",""1 limón""]","[""Retirar las cortezas del pan de molde para que el triple quede parejo"",""Aplastar la palta con sal, pimienta y unas gotas de limón"",""Picar los huevos duros y mezclarlos con mayonesa"",""Cortar el tomate en rodajas delgadas y escurrirlas sobre papel"",""Armar la primera capa con palta, cubrir con otra rebanada de pan"",""Poner la capa de huevo con mayonesa y otra de tomate"",""Cerrar, presionar ligeramente y cortar en triángulos""]","25","facil","/assets/images/recetas/sandwich_triple.jpg","Jugo surtido",,
"33","1","Sándwich de pavo","Sándwich de pan de molde con pavo, queso y lechuga.","[""8 rebanadas de pan de molde"",""300 g de pavo en lonjas"",""4 lonjas de queso"",""4 hojas de lechuga"",""1 tomate en rodajas"",""1/4 taza de mayonesa""]","[""Tostar ligeramente las rebanadas de pan de molde"",""Untar mayonesa en una de las caras de cada rebanada"",""Colocar una hoja de lechuga bien seca sobre la base"",""Acomodar las lonjas de pavo dobladas para dar volumen"",""Agregar el queso y las rodajas de tomate"",""Salpimentar y cerrar el sándwich"",""Cortar en diagonal y servir""]","15","facil","/assets/images/recetas/sandwich_de_pavo.jpg","Jugo de naranja",,
"34","1","Sándwich de huevo con palta","Pan de molde con huevo duro picado, palta y mayonesa.","[""8 rebanadas de pan de molde"",""4 huevos duros"",""2 paltas maduras"",""1/3 taza de mayonesa"",""1 limón"",""Pimienta al gusto""]","[""Cocinar los huevos en agua hirviendo por 10 minutos y enfriarlos en agua fría"",""Pelarlos y picarlos en trozos pequeños"",""Mezclarlos con mayonesa, sal y pimienta"",""Aplastar la palta con limón y sal por separado"",""Tostar el pan de molde ligeramente"",""Untar la palta en una rebanada y el huevo con mayonesa en la otra"",""Cerrar el sándwich, cortar en diagonal y servir""]","20","facil","/assets/images/recetas/sandwich_de_huevo_con_palta.jpg","Jugo de papaya",,
"35","1","Sándwich mixto caliente","Pan de molde con jamón y queso prensado y dorado en sartén.","[""8 rebanadas de pan de molde"",""8 lonjas de jamón"",""8 lonjas de queso"",""40 g de mantequilla"",""Orégano al gusto"",""Pimienta al gusto""]","[""Untar mantequilla en la cara exterior de cada rebanada de pan"",""Armar el sándwich con jamón y queso alternados en el interior"",""Agregar un poco de orégano y pimienta entre las capas"",""Calentar una sartén a fuego medio bajo"",""Colocar el sándwich y presionarlo con una espátula o plancha"",""Dorar 3 minutos por lado hasta que el queso se derrita por completo"",""Cortar en diagonal y servir caliente""]","15","facil","/assets/images/recetas/sandwich_mixto_caliente.jpg","Café con leche",,
"36","1","Pan con aceituna y queso","Pan francés con crema de aceituna botija y queso fresco.","[""4 panes franceses"",""150 g de aceitunas botija"",""200 g de queso fresco"",""2 cucharadas de aceite de oliva"",""1 limón"",""Pimienta al gusto""]","[""Deshuesar las aceitunas botija con cuidado"",""Licuarlas con un poco de aceite de oliva hasta formar una pasta"",""Ajustar con unas gotas de limón y pimienta, sin agregar sal"",""Cortar el queso fresco en láminas gruesas"",""Abrir el pan francés y tostarlo ligeramente"",""Untar la crema de aceituna en una cara del pan"",""Colocar las láminas de queso fresco y cerrar el pan""]","15","facil","/assets/images/recetas/pan_con_aceituna_y_queso.jpg","Café pasado",,
"37","1","Pan con jamonada","Pan francés con jamonada, mayonesa y lechuga.","[""4 panes franceses"",""300 g de jamonada en lonjas"",""1/3 taza de mayonesa"",""4 hojas de lechuga"",""1 tomate en rodajas"",""Pimienta al gusto""]","[""Cortar la jamonada en lonjas delgadas"",""Dorarlas brevemente en sartén si se prefiere caliente"",""Abrir el pan francés por la mitad"",""Untar mayonesa en la miga del pan"",""Colocar una hoja de lechuga bien seca"",""Acomodar las lonjas de jamonada y las rodajas de tomate"",""Salpimentar, cerrar el pan y servir""]","12","facil","/assets/images/recetas/pan_con_jamonada.jpg","Leche con café",,
"38","1","Pan con chorizo","Pan francés con chorizo frito y cebolla encurtida.","[""4 panes franceses"",""4 chorizos"",""1 cebolla roja en pluma"",""2 limones"",""1 ají limo picado"",""Culantro picado""]","[""Cortar los chorizos por la mitad a lo largo para que se cocinen parejos"",""Colocarlos en una sartén a fuego medio sin aceite adicional"",""Dejar que suelten su propia grasa y se doren por ambos lados"",""Tostar el pan abierto en esa misma grasa"",""Preparar salsa criolla con cebolla en pluma, limón, ají limo y culantro"",""Colocar el chorizo dentro del pan"",""Coronar con la salsa criolla escurrida y servir caliente""]","18","facil","/assets/images/recetas/pan_con_chorizo.jpg","Café pasado",,
"39","1","Pan con tortilla de verduras","Pan relleno de tortilla de huevo con verduras picadas.","[""4 panes franceses"",""5 huevos"",""1 zanahoria rallada"",""1 taza de espinaca picada"",""1/2 cebolla picada"",""2 cucharadas de aceite""]","[""Saltear la cebolla, la zanahoria rallada y la espinaca hasta que pierdan agua"",""Dejar enfriar un poco las verduras para que no cuajen el huevo antes de tiempo"",""Batir los huevos con sal y pimienta"",""Mezclar las verduras con el huevo batido"",""Verter en una sartén caliente con poco aceite y cocinar a fuego bajo"",""Voltear con ayuda de un plato y dorar del otro lado"",""Cortar porciones del tamaño del pan y rellenar""]","25","facil","/assets/images/recetas/pan_con_tortilla_de_verduras.jpg","Jugo surtido",,
"40","1","Tamal verde","Tamal norteño de masa de maíz teñida con culantro y relleno de cerdo.","[""1 kg de maíz blanco molido"",""1 atado grande de culantro licuado"",""500 g de carne de cerdo en trozos"",""1 taza de manteca de cerdo"",""Hojas de plátano"",""1 taza de arvejas""]","[""Remojar el maíz desde la noche anterior y molerlo hasta obtener una masa fina"",""Licuar el culantro con un poco de agua y colarlo"",""Derretir la manteca y freír ajo, luego incorporar la masa removiendo constantemente"",""Agregar el culantro licuado y cocinar hasta que la masa espese y tome color verde"",""Pasar las hojas de plátano por calor para que se ablanden y no se rompan"",""Colocar masa sobre la hoja, poner un trozo de cerdo y arvejas al centro, y envolver"",""Amarrar los tamales y cocinarlos al vapor durante una hora y media""]","180","dificil","/assets/images/recetas/tamal_verde.jpg","Café pasado","Salsa criolla",
"41","1","Tamal criollo","Tamal limeño de masa de maíz amarillo con cerdo, huevo y aceituna.","[""1 kg de maíz amarillo molido"",""500 g de carne de cerdo"",""4 huevos duros"",""100 g de aceitunas negras"",""1 taza de manteca de cerdo"",""Hojas de plátano""]","[""Remojar el maíz amarillo toda la noche y molerlo hasta obtener masa"",""Cocinar el cerdo en agua con sal y ajo, reservando el caldo"",""Freír ajo y ají panca en manteca, luego incorporar la masa con el caldo"",""Cocinar removiendo sin parar hasta que la masa espese y se despegue de la olla"",""Ablandar las hojas de plátano pasándolas por calor"",""Colocar masa, un trozo de cerdo, medio huevo duro, aceituna y maní al centro"",""Envolver, amarrar y cocinar al vapor una hora y media""]","180","dificil","/assets/images/recetas/tamal_criollo.jpg","Café pasado","Salsa criolla",
"42","1","Tamalito verde piurano","Tamal pequeño de choclo con culantro, sin relleno, muy suave.","[""8 choclos tiernos molidos"",""1 atado de culantro licuado"",""1/2 taza de manteca"",""Pancas de choclo"",""2 cucharaditas de sal"",""4 dientes de ajo molidos""]","[""Moler los choclos tiernos hasta obtener una pasta espesa"",""Licuar el culantro con poca agua y colarlo para obtener un extracto concentrado"",""Derretir la manteca y freír el ajo molido"",""Incorporar la masa de choclo y el culantro, removiendo a fuego bajo"",""Cocinar hasta que la masa espese y tome un color verde parejo"",""Colocar porciones sobre las pancas de choclo y envolver como paquetitos"",""Cocinar al vapor durante 45 minutos y servir tibios""]","90","media","/assets/images/recetas/tamalito_verde_piurano.jpg","Café pasado","Salsa criolla",
"43","1","Humita dulce","Humita de choclo tierno con pasas y canela, envuelta en panca.","[""8 choclos tiernos"",""1/2 taza de azúcar"",""1/2 taza de pasas"",""1 cucharadita de canela"",""100 g de mantequilla"",""Pancas de choclo""]","[""Desgranar los choclos tiernos reservando las pancas más anchas"",""Moler los granos hasta obtener una pasta con algo de textura"",""Derretir la mantequilla y mezclarla con la masa de choclo"",""Agregar el azúcar, la canela molida y las pasas"",""Colocar una porción de masa sobre dos pancas superpuestas"",""Doblar los extremos formando un paquete y amarrarlo con tiras de panca"",""Cocinar al vapor durante 45 minutos y dejar reposar antes de abrir""]","75","media","/assets/images/recetas/humita_dulce.jpg","Leche con café",,
"44","1","Humita salada","Humita de choclo con queso fresco y ají amarillo.","[""8 choclos tiernos"",""200 g de queso fresco"",""3 cucharadas de ají amarillo molido"",""100 g de manteca"",""Pancas de choclo"",""Sal al gusto""]","[""Desgranar los choclos y molerlos hasta obtener una pasta espesa"",""Preparar un aderezo friendo cebolla, ajo y ají amarillo en manteca"",""Mezclar el aderezo con la masa de choclo y sazonar con sal"",""Cortar el queso fresco en bastones"",""Colocar masa sobre dos pancas superpuestas y poner un bastón de queso al centro"",""Cubrir con más masa y cerrar el paquete amarrándolo con tiras de panca"",""Cocinar al vapor 45 minutos y servir tibio con salsa criolla""]","75","media","/assets/images/recetas/humita_salada.jpg","Café pasado","Salsa criolla",
"45","1","Tamal dulce","Tamal de maíz endulzado con pasas y canela, sin relleno de carne.","[""1 kg de maíz blanco molido"",""1 taza de azúcar"",""1/2 taza de pasas"",""1 cucharadita de canela"",""1 taza de manteca"",""Hojas de plátano""]","[""Remojar el maíz desde la noche anterior y molerlo hasta obtener masa fina"",""Derretir la manteca en una olla amplia"",""Incorporar la masa removiendo constantemente para que no se formen grumos"",""Agregar el azúcar, la canela y un poco de agua tibia"",""Cocinar hasta que la masa espese y se desprenda del fondo"",""Colocar porciones sobre hojas de plátano con pasas al centro y envolver"",""Amarrar y cocinar al vapor durante una hora y media""]","160","dificil","/assets/images/recetas/tamal_dulce.jpg","Chocolate caliente",,
"46","1","Huevos revueltos con salchicha","Huevos revueltos con salchicha picada y cebolla china.","[""6 huevos"",""3 salchichas en rodajas"",""2 tallos de cebolla china"",""2 cucharadas de mantequilla"",""Sal al gusto"",""Pimienta al gusto""]","[""Cortar las salchichas en rodajas delgadas"",""Dorarlas en una sartén con un poco de mantequilla"",""Batir los huevos con sal y pimienta hasta integrar la yema y la clara"",""Bajar el fuego y verter los huevos sobre las salchichas"",""Remover suavemente formando pliegues grandes"",""Retirar cuando aún se vean ligeramente húmedos"",""Agregar cebolla china picada y servir con pan francés""]","15","facil","/assets/images/recetas/huevos_revueltos_con_salchicha.jpg","Café con leche","Pan francés",
"47","1","Huevo a la copa","Huevos pasados por agua servidos en copa con sal y pan.","[""4 huevos frescos"",""Sal al gusto"",""Pimienta al gusto"",""4 panes franceses"",""20 g de mantequilla"",""Agua para hervir""]","[""Sacar los huevos del refrigerador 15 minutos antes para que no se rajen"",""Hervir agua en una olla pequeña"",""Introducir los huevos con cuidado usando una cuchara"",""Cocinar exactamente 4 minutos para que la clara cuaje y la yema quede líquida"",""Retirar y pasarlos brevemente por agua fría para poder manipularlos"",""Romper la parte superior del huevo y vaciarlo en una copa"",""Salpimentar y servir con pan francés con mantequilla para mojar""]","10","facil","/assets/images/recetas/huevo_a_la_copa.jpg","Café pasado","Pan francés",
"48","1","Huevos fritos con arroz","Arroz blanco con dos huevos fritos encima y plátano frito.","[""3 tazas de arroz cocido"",""4 huevos"",""2 plátanos maduros"",""3 cucharadas de aceite"",""Sal al gusto"",""Ají al gusto""]","[""Calentar el arroz cocido en una sartén con unas gotas de aceite"",""Cortar los plátanos maduros en tiras diagonales"",""Freírlos hasta que caramelicen por fuera y queden suaves por dentro"",""En la misma sartén freír los huevos con abundante aceite caliente"",""Bañar la clara con el aceite para que cuaje sin quemarse"",""Retirar cuando la yema siga líquida"",""Servir el arroz con los huevos encima y el plátano frito al costado""]","20","facil","/assets/images/recetas/huevos_fritos_con_arroz.jpg","Chicha morada","Plátano frito",
"49","1","Tortilla de papa","Tortilla gruesa de papa en rodajas con huevo y cebolla.","[""4 papas medianas"",""6 huevos"",""1 cebolla en pluma"",""1/2 taza de aceite"",""Sal al gusto"",""Perejil picado""]","[""Pelar las papas y cortarlas en rodajas delgadas"",""Freírlas a fuego bajo en aceite hasta que estén tiernas sin dorarse demasiado"",""Agregar la cebolla en pluma y cocinar hasta que transparente"",""Escurrir el exceso de aceite"",""Batir los huevos con sal y mezclarlos con la papa y la cebolla"",""Verter en una sartén caliente y cocinar a fuego bajo hasta que cuaje la base"",""Voltear con ayuda de un plato y cocinar 4 minutos más del otro lado""]","35","media","/assets/images/recetas/tortilla_de_papa.jpg","Jugo de naranja","Pan francés",
"50","1","Torreja de choclo","Tortitas fritas de choclo molido con queso y hierbas.","[""6 choclos tiernos"",""200 g de queso fresco"",""2 huevos"",""1/2 taza de harina"",""Huacatay al gusto"",""Aceite para freír""]","[""Desgranar los choclos y molerlos dejando algo de textura"",""Mezclar la masa con los huevos batidos y la harina"",""Agregar el queso fresco desmenuzado y el huacatay picado"",""Sazonar con sal y pimienta hasta obtener una mezcla espesa"",""Calentar aceite en una sartén a fuego medio"",""Verter cucharadas de la mezcla formando tortitas"",""Freír 3 minutos por lado hasta dorar y escurrir sobre papel""]","35","facil","/assets/images/recetas/torreja_de_choclo.jpg","Café pasado","Salsa criolla",
"51","1","Yuca frita con queso","Bastones de yuca sancochada y frita servidos con queso fresco.","[""1 kg de yuca"",""250 g de queso fresco"",""Aceite para freír"",""Sal al gusto"",""1 limón"",""Salsa de ají al gusto""]","[""Pelar la yuca y cortarla en trozos gruesos"",""Sancocharla en agua con sal hasta que esté tierna pero no deshecha"",""Escurrirla y retirar la fibra central de cada trozo"",""Dejarla secar unos minutos para que no salte el aceite"",""Cortarla en bastones y freírla en aceite caliente hasta dorar"",""Escurrir sobre papel absorbente y salar"",""Servir con queso fresco en cubos y salsa de ají""]","35","facil","/assets/images/recetas/yuca_frita_con_queso.jpg","Café pasado","Salsa de ají",
"52","1","Camote frito con miel","Rodajas de camote fritas bañadas en miel de chancaca.","[""4 camotes medianos"",""200 g de chancaca"",""1 palito de canela"",""2 clavos de olor"",""Aceite para freír"",""1 naranja""]","[""Pelar los camotes y cortarlos en rodajas gruesas"",""Sancocharlas brevemente para que queden tiernas por dentro"",""Escurrir y secar bien las rodajas"",""Freírlas en aceite caliente hasta que caramelicen por fuera"",""Derretir la chancaca con agua, canela, clavo y cáscara de naranja"",""Cocinar la miel a fuego bajo hasta que espese ligeramente"",""Bañar el camote frito con la miel y servir tibio""]","40","facil","/assets/images/recetas/camote_frito_con_miel.jpg","Leche con café",,
"53","1","Empanada de carne","Empanada horneada rellena de carne guisada con huevo y aceituna.","[""500 g de harina"",""200 g de manteca"",""400 g de carne molida"",""2 huevos duros picados"",""50 g de aceitunas picadas"",""1 cebolla picada fina""]","[""Formar la masa mezclando harina, manteca, sal y agua fría hasta que quede lisa"",""Dejarla reposar en frío por 30 minutos envuelta en film"",""Preparar el relleno con aderezo de cebolla, ajo y ají panca, y dorar la carne"",""Agregar huevo duro, aceitunas y pasas, y dejar enfriar por completo"",""Estirar la masa y cortar discos de unos 12 centímetros"",""Colocar relleno al centro, cerrar y repulgar los bordes con los dedos"",""Pincelar con huevo batido y hornear a 200 grados por 20 minutos""]","80","media","/assets/images/recetas/empanada_de_carne.jpg","Café pasado",,
"54","1","Empanada de pollo","Empanada horneada rellena de pollo deshilachado con ají amarillo.","[""500 g de harina"",""200 g de manteca"",""400 g de pollo cocido deshilachado"",""3 cucharadas de ají amarillo molido"",""1 cebolla picada"",""1 huevo para pincelar""]","[""Preparar la masa con harina, manteca, sal y agua fría, y dejarla reposar en frío"",""Cocinar la pechuga de pollo y deshilacharla finamente"",""Hacer un aderezo con cebolla, ajo y ají amarillo hasta que suelte su aceite"",""Incorporar el pollo deshilachado y cocinar unos minutos, luego enfriar"",""Estirar la masa y cortar discos"",""Rellenar, cerrar y repulgar los bordes presionando bien para que no se abran"",""Pincelar con huevo y hornear a 200 grados por 20 minutos hasta dorar""]","80","media","/assets/images/recetas/empanada_de_pollo.jpg","Café pasado",,
"55","1","Empanada de queso","Empanada rellena de queso fresco derretido con un toque de orégano.","[""500 g de harina"",""200 g de mantequilla"",""400 g de queso fresco"",""1 cucharadita de orégano"",""1 huevo para pincelar"",""Sal al gusto""]","[""Formar la masa con harina, mantequilla fría en cubos, sal y agua helada"",""Trabajarla lo mínimo necesario y dejarla reposar en frío 30 minutos"",""Cortar el queso fresco en cubos pequeños"",""Mezclarlo con orégano y una pizca de pimienta"",""Estirar la masa y cortar discos de 12 centímetros"",""Poner el queso al centro, cerrar y sellar bien los bordes"",""Pincelar con huevo y hornear a 200 grados 18 minutos hasta dorar""]","70","media","/assets/images/recetas/empanada_de_queso.jpg","Café con leche",,
"56","1","Cachanga","Masa frita crocante y esponjosa, típica del desayuno serrano.","[""500 g de harina"",""1 cucharadita de levadura"",""2 cucharadas de azúcar"",""1 cucharadita de sal"",""1 taza de agua tibia"",""Aceite para freír""]","[""Mezclar la harina con la levadura, el azúcar y la sal"",""Agregar el agua tibia poco a poco hasta formar una masa suave"",""Amasar unos minutos hasta que quede lisa y elástica"",""Dejar reposar tapada durante una hora hasta que doble su volumen"",""Tomar porciones y estirarlas con las manos hasta dejarlas delgadas"",""Freír en abundante aceite caliente hasta que inflen y doren"",""Escurrir sobre papel y servir con miel, mermelada o queso""]","90","facil","/assets/images/recetas/cachanga.jpg","Café pasado","Miel de chancaca",
"57","1","Chapana","Dulce de yuca rallada con chancaca envuelto en hoja de plátano.","[""1 kg de yuca rallada"",""300 g de chancaca"",""1 cucharadita de anís"",""1 palito de canela"",""Hojas de plátano"",""4 clavos de olor""]","[""Rallar la yuca cruda finamente y exprimirla ligeramente"",""Derretir la chancaca en agua con canela, clavo y anís hasta formar una miel"",""Colar la miel y mezclarla con la yuca rallada"",""Trabajar la mezcla hasta que quede homogénea y manejable"",""Cortar las hojas de plátano en rectángulos y pasarlas por calor"",""Colocar una porción de la mezcla y envolver formando paquetitos"",""Cocinar al vapor durante 40 minutos y servir tibias""]","70","media","/assets/images/recetas/chapana.jpg","Café pasado",,
"58","1","Pan chuta","Pan grande y dulce de Oropesa, con anís y manteca.","[""1 kg de harina"",""200 g de azúcar"",""200 g de manteca"",""2 cucharadas de anís"",""25 g de levadura"",""2 tazas de agua tibia""]","[""Disolver la levadura en agua tibia con una cucharada de azúcar y dejar espumar"",""Hervir el anís en agua y colar esa infusión para aromatizar la masa"",""Mezclar la harina con el azúcar, la manteca y la infusión de anís"",""Agregar la levadura activada y amasar largo rato hasta que la masa quede elástica"",""Dejar leudar tapada hasta que doble su volumen, alrededor de dos horas"",""Formar discos grandes y planos, y dejarlos reposar 30 minutos más"",""Hornear a 200 grados por 25 minutos hasta que doren""]","210","dificil","/assets/images/recetas/pan_chuta.jpg","Chocolate caliente",,
"59","1","Chancay","Pan dulce suave y esponjoso, clásico de la lonchera peruana.","[""1 kg de harina"",""250 g de azúcar"",""150 g de mantequilla"",""4 huevos"",""25 g de levadura"",""1 taza de leche tibia""]","[""Activar la levadura en leche tibia con una cucharada de azúcar"",""Mezclar la harina con el azúcar y hacer un volcán en el centro"",""Agregar los huevos, la mantequilla blanda y la levadura activada"",""Amasar durante 15 minutos hasta obtener una masa lisa y elástica"",""Dejar leudar tapada hasta que doble su volumen"",""Formar bollos, colocarlos en bandeja y dejar leudar otra media hora"",""Pincelar con huevo y hornear a 180 grados por 18 minutos""]","150","media","/assets/images/recetas/chancay.jpg","Leche con café",,
"60","1","Pan de anís","Pan casero aromatizado con anís, suave y ligeramente dulce.","[""1 kg de harina"",""200 g de azúcar"",""2 cucharadas de anís en grano"",""150 g de manteca"",""25 g de levadura"",""2 tazas de agua tibia""]","[""Hervir el anís en una taza de agua y dejar infusionar 10 minutos, luego colar"",""Activar la levadura en agua tibia con azúcar hasta que espume"",""Mezclar la harina con el azúcar, la manteca y la infusión de anís tibia"",""Incorporar la levadura y amasar hasta obtener una masa suave"",""Dejar leudar tapada hasta que doble su volumen"",""Formar los panes y dejarlos reposar 30 minutos en la bandeja"",""Hornear a 190 grados por 20 minutos hasta que doren""]","150","media","/assets/images/recetas/pan_de_anis.jpg","Café pasado",,
"61","1","Pan de yema","Pan dorado y esponjoso elaborado con abundantes yemas de huevo.","[""1 kg de harina"",""10 yemas de huevo"",""200 g de mantequilla"",""180 g de azúcar"",""25 g de levadura"",""1 taza de leche tibia""]","[""Activar la levadura en leche tibia con una cucharada de azúcar"",""Batir las yemas con el azúcar hasta que blanqueen"",""Mezclar la harina con las yemas batidas y la levadura activada"",""Incorporar la mantequilla blanda poco a poco mientras se amasa"",""Amasar hasta que la masa se despegue de las manos y quede elástica"",""Dejar leudar hasta doblar el volumen, formar los panes y leudar otra vez"",""Pincelar con yema y hornear a 180 grados por 20 minutos""]","160","dificil","/assets/images/recetas/pan_de_yema.jpg","Chocolate caliente",,
"62","1","Panqueques con miel","Panqueques esponjosos servidos con miel de abeja y mantequilla.","[""2 tazas de harina"",""2 huevos"",""2 tazas de leche"",""2 cucharadas de azúcar"",""1 cucharada de polvo de hornear"",""40 g de mantequilla""]","[""Mezclar los ingredientes secos: harina, azúcar, polvo de hornear y una pizca de sal"",""Batir aparte los huevos con la leche y la mantequilla derretida"",""Verter los líquidos sobre los secos y mezclar sin batir en exceso"",""Dejar reposar la mezcla 10 minutos para que la harina se hidrate"",""Calentar una sartén antiadherente a fuego medio y engrasarla ligeramente"",""Verter un cucharón de mezcla y cocinar hasta que aparezcan burbujas en la superficie"",""Voltear y cocinar un minuto más, servir apilados con miel y mantequilla""]","30","facil","/assets/images/recetas/panqueques_con_miel.jpg","Leche con café",,
"63","1","Tostadas francesas","Rebanadas de pan remojadas en huevo con leche y doradas en mantequilla.","[""8 rebanadas de pan de molde"",""3 huevos"",""1 taza de leche"",""2 cucharadas de azúcar"",""1 cucharadita de canela"",""40 g de mantequilla""]","[""Batir los huevos con la leche, el azúcar, la canela y una pizca de sal"",""Usar pan del día anterior, que absorbe mejor sin deshacerse"",""Remojar cada rebanada en la mezcla por ambos lados sin dejarla demasiado tiempo"",""Calentar mantequilla en una sartén a fuego medio"",""Dorar las rebanadas 2 minutos por lado hasta que queden doradas"",""Escurrir el exceso de mantequilla sobre papel"",""Servir espolvoreadas con azúcar y canela o con miel""]","20","facil","/assets/images/recetas/tostadas_francesas.jpg","Chocolate caliente",,
"64","1","Queque de plátano","Bizcocho húmedo de plátano maduro con nueces.","[""3 plátanos maduros"",""2 tazas de harina"",""1 taza de azúcar"",""2 huevos"",""120 g de mantequilla"",""1 cucharadita de polvo de hornear""]","[""Aplastar los plátanos bien maduros con un tenedor hasta hacerlos puré"",""Batir la mantequilla con el azúcar hasta que quede cremosa"",""Agregar los huevos uno a uno batiendo entre cada adición"",""Incorporar el puré de plátano y mezclar"",""Añadir la harina cernida con el polvo de hornear en movimientos envolventes"",""Verter en un molde engrasado y enharinado"",""Hornear a 180 grados por 45 minutos hasta que el palillo salga limpio""]","65","facil","/assets/images/recetas/queque_de_platano.jpg","Café con leche",,
"65","1","Bizcocho de naranja","Queque esponjoso aromatizado con ralladura y jugo de naranja.","[""2 tazas de harina"",""1 taza de azúcar"",""3 huevos"",""1/2 taza de jugo de naranja"",""Ralladura de 2 naranjas"",""150 g de mantequilla""]","[""Batir la mantequilla con el azúcar hasta obtener una crema pálida"",""Agregar los huevos uno a uno sin dejar de batir"",""Incorporar la ralladura de naranja para aromatizar la masa"",""Alternar la harina cernida con polvo de hornear y el jugo de naranja"",""Mezclar con movimientos envolventes para no perder aire"",""Verter en un molde engrasado y enharinado"",""Hornear a 180 grados por 40 minutos y dejar enfriar antes de desmoldar""]","60","facil","/assets/images/recetas/bizcocho_de_naranja.jpg","Café pasado",,
"66","1","Mote con queso","Mote sancochado servido caliente con queso fresco, desayuno serrano.","[""2 tazas de mote pelado"",""250 g de queso fresco"",""Sal al gusto"",""1 cucharada de manteca"",""Salsa de ají al gusto"",""Agua para cocinar""]","[""Remojar el mote desde la noche anterior en abundante agua"",""Escurrirlo y cocinarlo en agua nueva con sal"",""Hervir a fuego medio entre una y dos horas hasta que los granos revienten"",""Comprobar que el mote esté suave por dentro y no quede duro al centro"",""Escurrirlo y agregarle una cucharada de manteca para darle brillo"",""Cortar el queso fresco en cubos generosos"",""Servir el mote caliente con el queso encima y salsa de ají al costado""]","120","facil","/assets/images/recetas/mote_con_queso.jpg","Mate de coca","Salsa de ají",
"67","1","Choclo con queso","Choclo serrano sancochado servido con queso fresco y anís.","[""4 choclos serranos"",""300 g de queso fresco"",""1 cucharada de anís"",""1 cucharada de azúcar"",""Sal al gusto"",""Agua para cocinar""]","[""Retirar las pancas del choclo reservando algunas para la cocción"",""Colocar el agua a hervir con las pancas reservadas, anís, azúcar y sal"",""Las pancas en el agua ayudan a que el choclo conserve su sabor dulce"",""Agregar los choclos y cocinar entre 20 y 30 minutos según su tamaño"",""Comprobar el punto pinchando un grano: debe estar tierno pero firme"",""Escurrir los choclos y dejarlos entibiar un momento"",""Servir con una tajada gruesa de queso fresco al costado""]","35","facil","/assets/images/recetas/choclo_con_queso.jpg","Mate de muña",,
"68","1","Mote con chicharrón","Desayuno cusqueño de mote reventado con chicharrón de cerdo crocante.","[""2 tazas de mote pelado"",""500 g de panceta de cerdo"",""1 cebolla roja en pluma"",""4 dientes de ajo molidos"",""1 cucharadita de comino"",""Rocoto picado al gusto""]","[""Remojar el mote desde la noche anterior y cocinarlo hasta que reviente"",""Cortar la panceta en trozos y sazonarla con ajo, comino, sal y pimienta"",""Colocarla en una olla con poca agua y cocinar tapada hasta que el agua se evapore"",""Dejar que la carne se fría en su propia grasa hasta quedar crocante"",""Preparar una ensalada de cebolla en pluma con limón, sal y rocoto picado"",""Escurrir el mote y servirlo caliente en el plato"",""Colocar el chicharrón encima y la ensalada al costado""]","140","media","/assets/images/recetas/mote_con_chicharron.jpg","Mate de coca","Ensalada de cebolla",
"69","1","Habas con queso","Habas frescas sancochadas servidas con queso fresco serrano.","[""1 kg de habas frescas en vaina"",""250 g de queso fresco"",""Sal al gusto"",""1 ramita de hierbabuena"",""Salsa de ají al gusto"",""Agua para cocinar""]","[""Desvainar las habas frescas descartando las que estén muy duras"",""Hervir agua con sal y una ramita de hierbabuena"",""Cocinar las habas entre 15 y 20 minutos hasta que estén tiernas"",""Comprobar el punto aplastando una haba entre los dedos"",""Escurrirlas y dejar que pierdan el exceso de vapor"",""Cortar el queso fresco en cubos"",""Servir las habas tibias con el queso y salsa de ají al costado""]","30","facil","/assets/images/recetas/habas_con_queso.jpg","Mate de muña",,
"70","1","Papa sancochada con queso","Papas andinas sancochadas con queso fresco y salsa de huacatay.","[""8 papas andinas"",""250 g de queso fresco"",""1 atado de huacatay"",""2 ajíes amarillos"",""1/4 taza de aceite"",""Sal al gusto""]","[""Lavar bien las papas y cocinarlas con cáscara en agua con sal"",""Hervir entre 20 y 25 minutos hasta que se pinchen con facilidad"",""Escurrirlas y dejarlas destapadas un momento para que sequen"",""Licuar el huacatay con el ají amarillo, aceite y sal para hacer la salsa"",""Cortar el queso fresco en cubos generosos"",""Servir las papas calientes partidas por la mitad"",""Acompañar con el queso y la salsa de huacatay""]","35","facil","/assets/images/recetas/papa_sancochada_con_queso.jpg","Mate de muña","Salsa de huacatay",
"71","1","Cancha con queso","Maíz chulpe tostado en sartén servido con queso fresco.","[""2 tazas de maíz chulpe"",""250 g de queso fresco"",""3 cucharadas de aceite"",""Sal al gusto"",""Ají en polvo al gusto"",""Agua para remojar""]","[""Calentar una sartén de fondo grueso con un poco de aceite"",""Agregar el maíz chulpe en una sola capa, sin amontonarlo"",""Tapar la sartén y mover constantemente para que no se queme"",""Escuchar cómo revientan los granos y seguir moviendo hasta que doren"",""Retirar cuando la mayoría esté dorada y crocante"",""Salar de inmediato mientras siguen calientes"",""Servir con cubos de queso fresco al costado""]","20","facil","/assets/images/recetas/cancha_con_queso.jpg","Mate de coca",,
"72","1","Chapla con queso","Pan plano cusqueño de harina integral servido con queso y mate.","[""500 g de harina integral"",""250 g de queso fresco"",""15 g de levadura"",""1 cucharadita de sal"",""1 taza de agua tibia"",""2 cucharadas de manteca""]","[""Activar la levadura en agua tibia con una pizca de azúcar"",""Mezclar la harina integral con la sal y la manteca"",""Agregar la levadura activada y amasar hasta obtener una masa suave"",""Dejar leudar tapada durante una hora"",""Formar bolas y aplanarlas con la mano hasta dejarlas delgadas"",""Hornear a 220 grados por 12 minutos hasta que se inflen y doren"",""Servir tibias, abiertas por la mitad, con queso fresco dentro""]","100","media","/assets/images/recetas/chapla_con_queso.jpg","Mate de coca",,
"73","1","Tacacho de desayuno","Bola de plátano verde majado con manteca y chicharrón, versión de mañana.","[""4 plátanos verdes"",""150 g de chicharrón de cerdo"",""3 cucharadas de manteca"",""Sal al gusto"",""1 cebolla en pluma"",""Ají charapita al gusto""]","[""Asar los plátanos verdes con cáscara sobre la brasa o parrilla"",""Pelarlos mientras siguen calientes, que es cuando se majan mejor"",""Machacarlos en un batán o mortero hasta obtener una masa gruesa"",""Agregar la manteca de cerdo y el chicharrón picado"",""Mezclar hasta que la masa quede homogénea y sazonar con sal"",""Formar bolas compactas del tamaño de un puño"",""Servir con una ensalada de cebolla con ají charapita""]","40","media","/assets/images/recetas/tacacho_de_desayuno.jpg","Chapo","Ensalada de cebolla",
"74","1","Juane pequeño de desayuno","Versión reducida del juane amazónico, ideal para la mañana.","[""2 tazas de arroz cocido"",""300 g de pollo deshilachado"",""4 huevos"",""Hojas de bijao"",""1 cucharadita de palillo"",""Aceitunas al gusto""]","[""Cocinar el pollo con ajo, sal y palillo hasta que esté suave y deshilacharlo"",""Cocinar el arroz en el caldo del pollo para que tome color y sabor"",""Batir los huevos y mezclarlos con el arroz caliente"",""Ablandar las hojas de bijao pasándolas por calor"",""Colocar una porción pequeña de arroz sobre la hoja"",""Poner pollo, medio huevo duro y una aceituna al centro, y envolver"",""Amarrar y hervir 30 minutos, servir caliente en su hoja""]","70","media","/assets/images/recetas/juane_pequeno_de_desayuno.jpg","Chapo",,
"75","1","Plátano asado con queso","Plátano maduro asado abierto y relleno de queso derretido.","[""4 plátanos maduros"",""200 g de queso fresco"",""2 cucharadas de mantequilla"",""1 cucharadita de canela"",""2 cucharadas de azúcar"",""Sal al gusto""]","[""Elegir plátanos bien maduros, con la cáscara oscura"",""Hacer un corte a lo largo sin llegar a separar las mitades"",""Colocarlos en una fuente con la cáscara hacia abajo"",""Rellenar la abertura con queso fresco en bastones y un poco de mantequilla"",""Espolvorear azúcar y canela por encima"",""Hornear a 200 grados por 20 minutos hasta que el queso se derrita"",""Servir caliente dentro de la propia cáscara""]","30","facil","/assets/images/recetas/platano_asado_con_queso.jpg","Chapo",,
"76","1","Caldo blanco","Caldo ligero y claro de res con papa y huevo, típico desayuno andino.","[""600 g de carne de res con hueso"",""4 papas enteras"",""4 huevos"",""1 cebolla en cuartos"",""Hierbabuena al gusto"",""Sal al gusto""]","[""Colocar la carne con hueso en una olla con agua fría y sal"",""Llevar a hervor lento retirando la espuma para que el caldo quede claro"",""Agregar la cebolla en cuartos y cocinar a fuego bajo una hora y media"",""Incorporar las papas enteras y cocinar hasta que estén tiernas"",""Escalfar los huevos directamente en el caldo caliente"",""Rectificar la sal sin sobrecargar, el caldo debe quedar suave"",""Servir con hierbabuena picada y ají al gusto""]","120","facil","/assets/images/recetas/caldo_blanco.jpg","Mate de coca","Pan francés",
"77","1","Caldo de cabeza","Caldo sustancioso de cabeza de cordero con mote y hierbabuena.","[""1 cabeza de cordero en trozos"",""1 taza de mote cocido"",""3 papas en trozos"",""1 cebolla picada"",""Hierbabuena al gusto"",""1 trozo de kion""]","[""Limpiar muy bien la cabeza de cordero y partirla en trozos manejables"",""Hervirla brevemente y desechar esa primera agua para limpiar el caldo"",""Colocar en agua nueva con kion, cebolla y sal"",""Cocinar a fuego bajo durante dos horas retirando la espuma"",""Agregar el mote ya cocido y las papas en trozos"",""Continuar la cocción hasta que la papa esté tierna"",""Servir bien caliente con hierbabuena picada y limón al gusto""]","170","media","/assets/images/recetas/caldo_de_cabeza.jpg","Mate de coca","Cancha tostada",
"78","1","Sopa de sémola","Sopa suave de sémola con leche y huevo, ideal para niños.","[""1/2 taza de sémola"",""1 litro de leche"",""2 huevos"",""2 cucharadas de mantequilla"",""2 cucharadas de azúcar"",""Canela al gusto""]","[""Calentar la leche con la canela a fuego medio sin dejar que hierva fuerte"",""Tostar ligeramente la sémola en una sartén con mantequilla"",""Verter la sémola en la leche caliente en forma de lluvia mientras se remueve"",""Remover constantemente para evitar que se formen grumos"",""Cocinar 8 minutos hasta que espese ligeramente"",""Batir los huevos y verterlos en hilo removiendo con energía"",""Endulzar al gusto y servir caliente""]","20","facil","/assets/images/recetas/sopa_de_semola.jpg","Café con leche","Pan francés",
"79","1","Arroz con leche","Arroz cocido en leche con canela, clavo y pasas.","[""1 taza de arroz"",""1 litro de leche"",""1 taza de azúcar"",""1 palito de canela"",""4 clavos de olor"",""1/2 taza de pasas""]","[""Hervir el arroz en agua con canela y clavo hasta que esté medio cocido"",""Escurrir el exceso de agua dejando el arroz húmedo"",""Agregar la leche y cocinar a fuego bajo removiendo con frecuencia"",""Mantener el fuego bajo para que la leche no se corte ni se pegue"",""Cuando el arroz esté suave, incorporar el azúcar y las pasas"",""Cocinar 10 minutos más hasta que espese, recordando que espesa al enfriar"",""Servir tibio o frío espolvoreado con canela molida""]","50","facil","/assets/images/recetas/arroz_con_leche.jpg","Café pasado",,
"80","1","Mazamorra de calabaza","Postre-desayuno cremoso de zapallo con leche, canela y azúcar.","[""1 kg de zapallo macre"",""1 litro de leche"",""1 taza de azúcar"",""1 palito de canela"",""4 clavos de olor"",""3 cucharadas de chuño""]","[""Pelar el zapallo y cortarlo en cubos grandes"",""Cocinarlo en poca agua con canela y clavo hasta que se deshaga"",""Aplastar el zapallo hasta obtener un puré sin grumos"",""Agregar la leche y el azúcar, y cocinar removiendo a fuego bajo"",""Disolver el chuño en un poco de leche fría"",""Verterlo en hilo sobre la mazamorra removiendo sin parar hasta que espese"",""Servir tibia espolvoreada con canela molida""]","45","facil","/assets/images/recetas/mazamorra_de_calabaza.jpg","Leche con café",,
"81","1","Champús","Bebida-postre espesa de mote, membrillo y piña con chancaca.","[""1 taza de mote cocido"",""2 membrillos"",""1 piña"",""200 g de chancaca"",""1 palito de canela"",""3 cucharadas de harina de maíz""]","[""Cocinar el membrillo y la cáscara de piña en agua con canela y clavo"",""Colar esa infusión aromática y reservarla"",""Disolver la harina de maíz en agua fría para que no forme grumos"",""Verterla en la infusión caliente removiendo constantemente hasta espesar"",""Agregar la chancaca derretida y colada"",""Incorporar el mote cocido y la fruta picada en cubos"",""Cocinar 10 minutos más y servir caliente en taza""]","60","media","/assets/images/recetas/champus.jpg",,,
"82","1","Pan con salchicha de Huacho y papa","Plato de salchicha huachana con papa dorada y huevo.","[""400 g de salchicha huachana"",""4 papas en cubos"",""4 huevos"",""4 panes franceses"",""1 cebolla picada"",""Culantro picado""]","[""Sancochar las papas en cubos hasta que estén tiernas y escurrirlas"",""Retirar la tripa de la salchicha y desmenuzarla"",""Cocinarla en sartén a fuego medio hasta que suelte su grasa anaranjada"",""Agregar las papas en cubos y dorarlas en esa grasa"",""Batir los huevos y verterlos sobre la mezcla, revolviendo hasta cuajar"",""Rectificar la sal y añadir culantro picado"",""Servir caliente con pan francés al costado""]","30","facil","/assets/images/recetas/pan_con_salchicha_de_huacho_y_papa.jpg","Café con leche","Pan francés",
"83","1","Tortilla de espinaca","Tortilla de huevo con espinaca salteada y queso.","[""6 huevos"",""2 tazas de espinaca"",""150 g de queso fresco"",""1/2 cebolla picada"",""2 cucharadas de aceite"",""Sal al gusto""]","[""Lavar bien la espinaca y blanquearla 1 minuto en agua hirviendo"",""Escurrirla y exprimirla con las manos para quitar toda el agua"",""Picarla y saltearla con cebolla y ajo hasta que pierda humedad"",""Batir los huevos con sal, pimienta y una pizca de nuez moscada"",""Mezclar la espinaca y el queso desmenuzado con el huevo batido"",""Verter en sartén caliente y cocinar a fuego bajo hasta que cuaje la base"",""Voltear con ayuda de un plato y dorar del otro lado""]","25","facil","/assets/images/recetas/tortilla_de_espinaca.jpg","Jugo de naranja","Pan francés",
"84","1","Revuelto de champiñones","Huevos revueltos con champiñones salteados y perejil.","[""6 huevos"",""250 g de champiñones en láminas"",""2 cucharadas de mantequilla"",""2 dientes de ajo picados"",""Perejil picado"",""Pimienta al gusto""]","[""Limpiar los champiñones con un paño húmedo, sin lavarlos bajo el chorro"",""Cortarlos en láminas y saltearlos en sartén muy caliente sin sal"",""Esperar a que suelten el agua y se evapore antes de agregar sal"",""Agregar el ajo picado y cocinar un minuto más"",""Batir los huevos con sal y pimienta"",""Bajar el fuego, verter los huevos y remover suavemente hasta cuajar"",""Terminar con perejil picado y servir con pan tostado""]","20","facil","/assets/images/recetas/revuelto_de_champinones.jpg","Café pasado","Pan tostado",
"85","1","Pan con chicharrón de prensa","Pan francés con chicharrón de prensa y salsa criolla.","[""4 panes franceses"",""300 g de chicharrón de prensa"",""1 cebolla roja en pluma"",""2 limones"",""1 ají limo picado"",""Culantro picado""]","[""Cortar el chicharrón de prensa en rodajas delgadas"",""Dorarlas en una sartén caliente sin agregar aceite"",""Dejar que suelten su propia grasa y queden crocantes en los bordes"",""Tostar el pan abierto en esa misma sartén"",""Preparar salsa criolla con cebolla en pluma, limón, ají limo y culantro"",""Colocar las rodajas de chicharrón dentro del pan"",""Coronar con la salsa criolla escurrida y servir""]","20","facil","/assets/images/recetas/pan_con_chicharron_de_prensa.jpg","Café pasado",,
"86","1","Pan con queso y tomate","Pan tostado con queso fresco, tomate en rodajas y orégano.","[""4 panes franceses"",""250 g de queso fresco"",""2 tomates en rodajas"",""2 cucharadas de aceite de oliva"",""Orégano al gusto"",""Sal al gusto""]","[""Cortar el tomate en rodajas y escurrirlas un momento sobre papel"",""Cortar el queso fresco en láminas del mismo grosor"",""Abrir el pan francés y tostarlo hasta que la corteza quede crocante"",""Rociar la miga con un poco de aceite de oliva"",""Acomodar las láminas de queso sobre el pan"",""Colocar las rodajas de tomate encima"",""Salar, espolvorear orégano y servir""]","12","facil","/assets/images/recetas/pan_con_queso_y_tomate.jpg","Café con leche",,
"87","1","Pan con huevo y queso","Pan relleno de huevo frito con queso derretido encima.","[""4 panes franceses"",""4 huevos"",""200 g de queso edam"",""2 cucharadas de mantequilla"",""Sal al gusto"",""Pimienta al gusto""]","[""Freír los huevos en mantequilla dejando la yema líquida"",""Colocar una lonja de queso sobre el huevo aún en la sartén"",""Tapar la sartén un minuto para que el queso se derrita con el vapor"",""Abrir el pan francés y tostarlo ligeramente"",""Trasladar con cuidado el huevo con queso al pan"",""Salpimentar al gusto"",""Cerrar el pan y servir de inmediato""]","15","facil","/assets/images/recetas/pan_con_huevo_y_queso.jpg","Café con leche",,
"88","1","Croissant con jamón y queso","Croissant caliente relleno de jamón y queso derretido.","[""4 croissants"",""8 lonjas de jamón"",""8 lonjas de queso"",""2 cucharadas de mantequilla"",""Orégano al gusto"",""Pimienta al gusto""]","[""Abrir los croissants por la mitad sin separarlos del todo"",""Untar una capa muy fina de mantequilla en el interior"",""Colocar las lonjas de jamón dobladas para dar volumen"",""Agregar el queso encima del jamón"",""Espolvorear un poco de orégano y pimienta"",""Hornear a 180 grados por 8 minutos hasta que el queso se derrita"",""Servir caliente mientras el croissant sigue crocante""]","15","facil","/assets/images/recetas/croissant_con_jamon_y_queso.jpg","Café con leche",,
"89","1","Yogurt con granola y fruta","Bowl de yogurt natural con granola casera y fruta fresca.","[""2 tazas de yogurt natural"",""1 taza de granola"",""1 plátano en rodajas"",""1 taza de fresas"",""2 cucharadas de miel"",""1 cucharada de semillas de chía""]","[""Lavar y cortar las fresas en cuartos y el plátano en rodajas"",""Colocar el yogurt natural en el fondo del bowl"",""Agregar una capa de granola sin mezclarla, para que se mantenga crocante"",""Acomodar la fruta fresca encima ordenada por tipo"",""Espolvorear las semillas de chía"",""Rociar con miel al gusto"",""Servir de inmediato para que la granola no se ablande""]","10","facil","/assets/images/recetas/yogurt_con_granola_y_fruta.jpg","Jugo de naranja",,
"90","1","Ensalada de frutas","Mezcla de frutas frescas de estación con miel y yogurt.","[""1 papaya pequeña"",""2 plátanos"",""1 taza de piña en cubos"",""1 manzana"",""2 cucharadas de miel"",""1 taza de yogurt""]","[""Lavar y pelar todas las frutas antes de empezar a cortarlas"",""Cortar la papaya y la piña en cubos del mismo tamaño"",""Cortar la manzana con cáscara y rociarla con limón para que no se oxide"",""Cortar el plátano al final para que no se ponga oscuro"",""Mezclar todas las frutas en un bowl con movimientos suaves"",""Agregar la miel y mezclar con cuidado"",""Servir con yogurt encima y granola si se desea""]","15","facil","/assets/images/recetas/ensalada_de_frutas.jpg","Jugo surtido",,
"91","1","Avena con manzana","Bowl de avena cocida con manzana rallada y canela.","[""1 taza de avena en hojuelas"",""2 tazas de leche"",""2 manzanas ralladas"",""1 cucharadita de canela"",""2 cucharadas de miel"",""1/4 taza de pasas""]","[""Calentar la leche con la canela a fuego medio"",""Agregar la avena en hojuelas removiendo para que no se apelmace"",""Cocinar 6 minutos removiendo hasta que espese"",""Rallar las manzanas con cáscara e incorporarlas a la olla"",""Cocinar 3 minutos más para que la manzana se integre"",""Agregar las pasas y endulzar con miel"",""Servir caliente en bowl con un poco de canela espolvoreada""]","20","facil","/assets/images/recetas/avena_con_manzana.jpg","Café pasado",,
"92","1","Pan con salchicha y palta","Pan con salchicha dorada, palta aplastada y salsa criolla.","[""4 panes franceses"",""4 salchichas"",""2 paltas maduras"",""1 cebolla roja en pluma"",""2 limones"",""Sal al gusto""]","[""Hacer cortes diagonales a las salchichas y dorarlas en sartén"",""Aplastar la palta con sal, pimienta y unas gotas de limón"",""Preparar salsa criolla con cebolla en pluma, limón y sal"",""Abrir el pan francés y tostarlo ligeramente"",""Untar la palta en la base del pan"",""Colocar la salchicha dorada encima"",""Terminar con la salsa criolla y cerrar el pan""]","18","facil","/assets/images/recetas/pan_con_salchicha_y_palta.jpg","Chicha morada",,
"93","1","Tostada con palta y tomate","Pan integral tostado con palta, tomate cherry y aceite de oliva.","[""4 rebanadas de pan integral"",""2 paltas maduras"",""1 taza de tomates cherry"",""2 cucharadas de aceite de oliva"",""1 limón"",""Pimienta al gusto""]","[""Tostar las rebanadas de pan integral hasta que queden firmes"",""Aplastar la palta con sal, pimienta y jugo de limón"",""Cortar los tomates cherry por la mitad"",""Untar la palta generosamente sobre el pan tostado"",""Acomodar los tomates cherry encima"",""Rociar con aceite de oliva y pimienta recién molida"",""Servir de inmediato para que la tostada no se ablande""]","12","facil","/assets/images/recetas/tostada_con_palta_y_tomate.jpg","Jugo verde",,
"94","1","Pan con frejol","Pan francés untado con frejol refrito y queso fresco.","[""4 panes franceses"",""2 tazas de frejol cocido"",""200 g de queso fresco"",""1 cebolla picada"",""2 cucharadas de ají panca molido"",""3 cucharadas de aceite""]","[""Preparar un aderezo con cebolla, ajo y ají panca hasta que suelte su aceite"",""Agregar los frejoles cocidos y escurridos"",""Aplastarlos con una cuchara mientras se fríen para formar una pasta"",""Cocinar removiendo hasta que espese y se despegue de la sartén"",""Abrir el pan francés y tostarlo ligeramente"",""Untar el frejol refrito generosamente"",""Colocar láminas de queso fresco encima y cerrar el pan""]","25","facil","/assets/images/recetas/pan_con_frejol.jpg","Café pasado",,
"95","1","Sánguche de chicharrón","El clásico sánguche limeño de chicharrón con camote y salsa criolla.","[""4 panes franceses"",""500 g de panceta de cerdo"",""2 camotes en rodajas"",""1 cebolla roja en pluma"",""2 limones"",""1 ají limo picado""]","[""Cortar la panceta en trozos y sazonarla con ajo, comino, sal y pimienta"",""Cocinarla en olla con poca agua hasta que el agua se evapore"",""Dejar que se fría en su propia grasa hasta quedar dorada y crocante"",""Freír las rodajas de camote en esa misma grasa hasta caramelizar"",""Preparar salsa criolla con cebolla en pluma, limón, ají limo y culantro"",""Abrir el pan y colocar las rodajas de camote en la base"",""Poner el chicharrón encima, coronar con salsa criolla y cerrar""]","75","media","/assets/images/recetas/sanguche_de_chicharron.jpg","Chicha morada",,
"96","1","Sánguche de pollo a la brasa","Pan con pollo a la brasa deshilachado, lechuga y crema de ají.","[""4 panes francés"",""400 g de pollo a la brasa"",""4 hojas de lechuga"",""1/2 taza de crema de ají amarillo"",""1 tomate en rodajas"",""1/4 taza de mayonesa""]","[""Deshuesar el pollo a la brasa y deshilacharlo aprovechando la piel dorada"",""Calentarlo brevemente en sartén para que recupere su textura"",""Licuar ají amarillo con mayonesa, un poco de leche y sal para la crema"",""Abrir el pan francés y untar la crema de ají en la base"",""Colocar una hoja de lechuga bien seca"",""Acomodar el pollo deshilachado y las rodajas de tomate"",""Cerrar el pan y servir de inmediato""]","18","facil","/assets/images/recetas/sanguche_de_pollo_a_la_brasa.jpg","Chicha morada",,
"97","1","Sánguche de lomo saltado","Pan francés relleno de lomo saltado con papas al hilo.","[""4 panes franceses"",""400 g de lomo de res en tiras"",""1 cebolla roja en pluma"",""2 tomates en gajos"",""3 cucharadas de sillao"",""1 taza de papas al hilo""]","[""Cortar el lomo en tiras y sazonarlo con sal, pimienta y comino"",""Calentar el wok a fuego muy alto hasta que humee"",""Sellar la carne por tandas para que dore en lugar de hervir"",""Agregar la cebolla y el tomate, y saltear a fuego vivo"",""Verter el sillao y el vinagre, y mezclar rápido"",""Abrir el pan francés y rellenarlo con el saltado caliente"",""Coronar con papas al hilo y cerrar el pan""]","30","media","/assets/images/recetas/sanguche_de_lomo_saltado.jpg","Chicha morada",,
"98","1","Sánguche de pescado frito","Pan con filete de pescado frito, lechuga y salsa tártara.","[""4 panes franceses"",""4 filetes pequeños de pescado"",""1 taza de pan molido"",""1 huevo batido"",""1/2 taza de salsa tártara"",""4 hojas de lechuga""]","[""Sazonar los filetes con sal, pimienta, ajo y limón"",""Pasarlos por harina, luego por huevo batido y finalmente por pan molido"",""Freírlos en aceite caliente 3 minutos por lado hasta dorar"",""Escurrirlos sobre papel absorbente"",""Abrir el pan y untar salsa tártara en la base"",""Colocar la lechuga y encima el filete de pescado"",""Agregar unas gotas de limón y cerrar el pan""]","30","facil","/assets/images/recetas/sanguche_de_pescado_frito.jpg","Chicha morada",,
"99","1","Sánguche de chicharrón de pollo","Pan con trozos de pollo apanado crocante y salsa criolla.","[""4 panes franceses"",""400 g de pollo en trozos"",""1 taza de chuño"",""2 cucharadas de sillao"",""1 cebolla roja en pluma"",""2 limones""]","[""Cortar el pollo en trozos del tamaño del pan"",""Marinarlos con sillao, kion rallado, ajo, sal y pimienta"",""Pasarlos por chuño presionando para que la costra se adhiera"",""Freírlos en abundante aceite caliente hasta que queden dorados"",""Escurrirlos sobre rejilla para mantener la crocancia"",""Preparar salsa criolla con cebolla en pluma, limón y ají limo"",""Rellenar el pan con el chicharrón y coronar con salsa criolla""]","35","facil","/assets/images/recetas/sanguche_de_chicharron_de_pollo.jpg","Chicha morada",,
"100","1","Sánguche vegetariano","Pan integral con palta, queso, tomate, lechuga y pepino.","[""8 rebanadas de pan integral"",""2 paltas maduras"",""200 g de queso fresco"",""1 tomate en rodajas"",""1 pepino en rodajas"",""4 hojas de lechuga""]","[""Tostar ligeramente las rebanadas de pan integral"",""Aplastar la palta con sal, pimienta y limón"",""Cortar el tomate y el pepino en rodajas delgadas"",""Escurrir las rodajas sobre papel para que no humedezcan el pan"",""Untar la palta en una rebanada y colocar el queso en láminas"",""Acomodar la lechuga, el tomate y el pepino en capas"",""Cerrar el sándwich, presionar suavemente y cortar en diagonal""]","15","facil","/assets/images/recetas/sanguche_vegetariano.jpg","Jugo verde",,
"101","1","Omelette de queso","Tortilla francesa doblada rellena de queso derretido.","[""6 huevos"",""200 g de queso edam"",""2 cucharadas de mantequilla"",""2 cucharadas de leche"",""Sal al gusto"",""Pimienta al gusto""]","[""Batir los huevos con la leche, sal y pimienta hasta que queden uniformes"",""Calentar la mantequilla en una sartén antiadherente a fuego medio bajo"",""Verter los huevos y mover la sartén para repartirlos de manera pareja"",""Levantar los bordes con una espátula dejando que el huevo crudo corra debajo"",""Cuando la superficie esté casi cuajada, colocar el queso en una mitad"",""Doblar la tortilla sobre sí misma cubriendo el relleno"",""Cocinar un minuto más y servir de inmediato""]","15","facil","/assets/images/recetas/omelette_de_queso.jpg","Café con leche","Pan tostado",
"102","1","Omelette de jamón y queso","Tortilla de huevo rellena de jamón picado y queso.","[""6 huevos"",""150 g de jamón picado"",""150 g de queso"",""2 cucharadas de mantequilla"",""Perejil picado"",""Pimienta al gusto""]","[""Picar el jamón en cubos pequeños y saltearlo brevemente"",""Batir los huevos con sal, pimienta y perejil picado"",""Calentar mantequilla en una sartén antiadherente"",""Verter los huevos y cocinar a fuego bajo sin remover"",""Repartir el jamón y el queso sobre una mitad de la tortilla"",""Doblar la tortilla cubriendo el relleno con ayuda de una espátula"",""Dejar un minuto más para que el queso se derrita y servir""]","18","facil","/assets/images/recetas/omelette_de_jamon_y_queso.jpg","Café con leche","Pan tostado",
"103","1","Huevos a la rabona","Huevos fritos servidos sobre arroz con salsa de ají panca.","[""4 huevos"",""3 tazas de arroz cocido"",""2 cucharadas de ají panca molido"",""1 cebolla picada"",""2 tomates picados"",""Culantro picado""]","[""Preparar un aderezo con cebolla, ajo y ají panca hasta que suelte su aceite"",""Agregar el tomate picado y cocinar hasta que se deshaga"",""Sazonar la salsa con sal, pimienta y comino"",""Freír los huevos aparte dejando la yema líquida"",""Servir el arroz caliente en el plato"",""Colocar los huevos fritos encima del arroz"",""Bañar con la salsa caliente y terminar con culantro picado""]","25","facil","/assets/images/recetas/huevos_a_la_rabona.jpg","Chicha morada",,
"104","1","Waffles caseros","Waffles crocantes por fuera y suaves por dentro con miel.","[""2 tazas de harina"",""2 huevos"",""1 1/2 tazas de leche"",""100 g de mantequilla derretida"",""2 cucharadas de azúcar"",""1 cucharada de polvo de hornear""]","[""Separar las claras de las yemas y batir las claras a punto de nieve"",""Mezclar la harina, el azúcar, el polvo de hornear y una pizca de sal"",""Batir las yemas con la leche y la mantequilla derretida"",""Unir los líquidos con los secos sin batir en exceso"",""Incorporar las claras batidas con movimientos envolventes para dar aire"",""Precalentar la wafflera y engrasarla ligeramente"",""Cocinar cada waffle 4 minutos y servir con miel o manjar""]","35","media","/assets/images/recetas/waffles_caseros.jpg","Chocolate caliente",,
"105","1","Crepes dulces","Crepes delgadas rellenas de manjar blanco y fruta.","[""1 taza de harina"",""2 huevos"",""1 1/2 tazas de leche"",""2 cucharadas de mantequilla derretida"",""1 taza de manjar blanco"",""2 plátanos en rodajas""]","[""Licuar la harina con los huevos, la leche, la mantequilla y una pizca de sal"",""Dejar reposar la mezcla 30 minutos en frío para que la harina se hidrate"",""Calentar una sartén antiadherente a fuego medio"",""Verter un cucharón pequeño y girar la sartén para cubrir el fondo"",""Cocinar un minuto hasta que los bordes se despeguen, luego voltear"",""Rellenar cada crepe con manjar blanco y rodajas de plátano"",""Doblar en triángulo o enrollar y servir espolvoreada con azúcar impalpable""]","45","media","/assets/images/recetas/crepes_dulces.jpg","Chocolate caliente",,
"106","1","Picarones","Aros fritos de masa de zapallo y camote bañados en miel de chancaca.","[""500 g de zapallo"",""300 g de camote"",""500 g de harina"",""20 g de levadura"",""300 g de chancaca"",""1 cucharadita de anís""]","[""Cocinar el zapallo y el camote con anís hasta que estén muy blandos"",""Hacerlos puré y dejarlos entibiar antes de seguir"",""Activar la levadura en un poco del agua de cocción tibia"",""Mezclar el puré con la harina y la levadura hasta formar una masa pegajosa"",""Dejar leudar tapada durante dos horas hasta que burbujee"",""Con las manos mojadas tomar porciones y formar aros al echarlos al aceite"",""Freír hasta dorar y servir bañados con miel de chancaca caliente""]","180","dificil","/assets/images/recetas/picarones.jpg","Café pasado","Miel de chancaca",
"107","1","Buñuelos","Masa frita esponjosa espolvoreada con azúcar y canela.","[""2 tazas de harina"",""3 huevos"",""1 taza de leche"",""2 cucharadas de azúcar"",""1 cucharada de polvo de hornear"",""Aceite para freír""]","[""Mezclar la harina con el azúcar, el polvo de hornear y una pizca de sal"",""Batir los huevos con la leche"",""Unir los líquidos con los secos hasta obtener una masa espesa y pegajosa"",""Dejar reposar 20 minutos para que la masa gane cuerpo"",""Calentar abundante aceite a fuego medio, sin que humee"",""Echar cucharadas de masa al aceite y freír hasta que doren e inflen"",""Escurrir sobre papel y espolvorear con azúcar y canela""]","45","facil","/assets/images/recetas/bunuelos.jpg","Chocolate caliente",,
"108","1","Churros con chocolate","Churros crocantes rellenos de manjar con chocolate caliente.","[""1 taza de harina"",""1 taza de agua"",""50 g de mantequilla"",""1 taza de manjar blanco"",""200 g de chocolate"",""Azúcar y canela para espolvorear""]","[""Hervir el agua con la mantequilla y una pizca de sal"",""Retirar del fuego y agregar la harina de golpe, removiendo con energía"",""Volver al fuego y cocinar hasta que la masa se despegue de la olla"",""Dejar entibiar y colocar la masa en una manga con boquilla rizada"",""Formar churros directamente sobre el aceite caliente y freír hasta dorar"",""Escurrir, espolvorear con azúcar y canela, y rellenar con manjar"",""Servir con chocolate caliente espeso para mojar""]","50","media","/assets/images/recetas/churros_con_chocolate.jpg","Chocolate caliente",,
"109","1","Rosquitas de manteca","Rosquitas horneadas de manteca con anís, crocantes y aromáticas.","[""500 g de harina"",""200 g de manteca"",""150 g de azúcar"",""2 huevos"",""1 cucharada de anís"",""1 cucharadita de polvo de hornear""]","[""Hervir el anís en un poco de agua y colar la infusión"",""Batir la manteca con el azúcar hasta que quede cremosa"",""Agregar los huevos uno a uno sin dejar de batir"",""Incorporar la harina cernida con el polvo de hornear y la infusión de anís"",""Amasar hasta obtener una masa suave que no se pegue a las manos"",""Formar rollitos y unir los extremos para armar las rosquitas"",""Hornear a 180 grados por 18 minutos hasta que doren ligeramente""]","60","facil","/assets/images/recetas/rosquitas_de_manteca.jpg","Café pasado",,
"110","1","Keke de zanahoria","Bizcocho húmedo de zanahoria rallada con nueces y canela.","[""3 zanahorias ralladas"",""2 tazas de harina"",""1 taza de azúcar rubia"",""3 huevos"",""1 taza de aceite"",""1 cucharadita de canela""]","[""Rallar finamente las zanahorias para que se integren bien en la masa"",""Batir los huevos con el azúcar hasta que la mezcla blanquee"",""Agregar el aceite en hilo sin dejar de batir"",""Incorporar la zanahoria rallada y mezclar"",""Añadir la harina cernida con polvo de hornear, canela y una pizca de sal"",""Mezclar con movimientos envolventes y agregar las nueces picadas"",""Hornear a 180 grados por 45 minutos hasta que el palillo salga limpio""]","65","facil","/assets/images/recetas/keke_de_zanahoria.jpg","Café con leche",,
"111","1","Galletas de avena","Galletas caseras de avena con pasas, ideales para la lonchera.","[""2 tazas de avena en hojuelas"",""1 taza de harina"",""150 g de mantequilla"",""1 taza de azúcar rubia"",""1 huevo"",""1/2 taza de pasas""]","[""Batir la mantequilla blanda con el azúcar rubia hasta que quede cremosa"",""Agregar el huevo y batir hasta integrar por completo"",""Incorporar la harina cernida con polvo de hornear, canela y sal"",""Agregar la avena en hojuelas y las pasas, mezclando con espátula"",""Formar bolitas y aplastarlas ligeramente sobre la bandeja"",""Dejar espacio entre cada una porque se expanden al hornear"",""Hornear a 180 grados por 12 minutos y dejar enfriar sobre rejilla""]","40","facil","/assets/images/recetas/galletas_de_avena.jpg","Leche con café",,
"112","1","Pan de camote","Pan suave y ligeramente dulce elaborado con puré de camote.","[""500 g de camote cocido"",""1 kg de harina"",""150 g de azúcar"",""25 g de levadura"",""100 g de manteca"",""1 cucharadita de anís""]","[""Cocinar el camote y hacerlo puré mientras esté caliente"",""Dejarlo entibiar para que no mate la levadura"",""Activar la levadura en agua tibia con una cucharada de azúcar"",""Mezclar la harina con el puré de camote, el azúcar, la manteca y el anís"",""Agregar la levadura activada y amasar hasta obtener una masa suave"",""Dejar leudar tapada hasta que doble su volumen"",""Formar los panes, dejar leudar de nuevo y hornear a 190 grados 20 minutos""]","160","media","/assets/images/recetas/pan_de_camote.jpg","Café pasado",,
"113","1","Pan de papa","Pan serrano elaborado con papa sancochada, húmedo y duradero.","[""500 g de papa cocida"",""1 kg de harina"",""25 g de levadura"",""2 cucharaditas de sal"",""100 g de manteca"",""2 tazas de agua tibia""]","[""Sancochar las papas, pelarlas y prensarlas hasta obtener un puré fino"",""Dejar entibiar el puré antes de mezclarlo con la levadura"",""Activar la levadura en agua tibia con una pizca de azúcar"",""Mezclar la harina con el puré de papa, la sal y la manteca"",""Agregar la levadura y amasar largo rato hasta que la masa quede elástica"",""Dejar leudar hasta que doble su volumen, formar los panes y leudar otra vez"",""Hornear a 200 grados por 22 minutos hasta que la corteza suene hueca""]","170","media","/assets/images/recetas/pan_de_papa.jpg","Mate de coca",,
"114","1","Pesque de quinua","Plato puneño de quinua cocida con leche y queso, cremoso y contundente.","[""2 tazas de quinua"",""1 litro de leche"",""250 g de queso fresco"",""60 g de mantequilla"",""Sal al gusto"",""Agua para cocinar""]","[""Lavar la quinua frotándola varias veces hasta quitar toda la saponina"",""Cocinarla en agua con sal hasta que el grano reviente y suelte su almidón"",""Escurrir el exceso de agua dejando la quinua húmeda"",""Agregar la leche poco a poco removiendo a fuego bajo"",""Incorporar la mantequilla y seguir removiendo hasta que quede cremoso"",""Añadir el queso fresco desmenuzado al final"",""Servir caliente, tradicionalmente acompañado de queso frito o huevo""]","45","facil","/assets/images/recetas/pesque_de_quinua.jpg","Mate de muña","Queso frito",
"115","1","Kispiño","Panecillo puneño de quinua amasada con grasa, seco y duradero.","[""3 tazas de harina de quinua"",""1/2 taza de manteca"",""1 cucharadita de sal"",""1 taza de agua tibia"",""1 cucharadita de anís"",""Ceniza de leña opcional""]","[""Mezclar la harina de quinua con la sal y el anís"",""Incorporar la manteca frotando con las manos hasta formar un arenado"",""Agregar el agua tibia poco a poco hasta formar una masa firme"",""Amasar hasta que la masa quede compacta y no se resquebraje"",""Formar bolitas y aplastarlas dándoles forma ovalada"",""Cocinarlas al vapor durante 30 minutos"",""Dejarlas secar al aire para que se conserven varios días""]","60","media","/assets/images/recetas/kispino.jpg","Mate de coca",,
"116","1","Sopa de pan cusqueña","Sopa serrana de pan remojado con queso, huevo y hierbas.","[""6 panes duros en rodajas"",""4 huevos"",""200 g de queso fresco"",""1 taza de leche evaporada"",""1 cebolla picada"",""Hierbabuena al gusto""]","[""Tostar las rodajas de pan duro en el horno hasta que queden crocantes"",""Preparar un aderezo con cebolla, ajo y un poco de ají panca"",""Agregar caldo de carne o verduras y llevar a hervor"",""Incorporar las rodajas de pan tostado y dejar que se ablanden"",""Escalfar los huevos dentro de la sopa"",""Verter la leche evaporada y agregar el queso fresco en cubos"",""Terminar con hierbabuena picada y servir bien caliente""]","35","facil","/assets/images/recetas/sopa_de_pan_cusquena.jpg","Mate de coca",,
"117","1","Lawa de maíz","Crema andina espesa de maíz molido con queso y hierbas.","[""2 tazas de harina de maíz"",""1 litro de leche"",""200 g de queso fresco"",""1 cebolla picada"",""2 cucharadas de ají amarillo molido"",""Huacatay al gusto""]","[""Preparar un aderezo con cebolla, ajo y ají amarillo"",""Agregar agua o caldo y llevar a hervor"",""Disolver la harina de maíz en agua fría para evitar grumos"",""Verterla en hilo sobre el caldo hirviendo removiendo sin parar"",""Cocinar a fuego bajo 20 minutos removiendo con frecuencia"",""Agregar la leche y el queso fresco desmenuzado"",""Terminar con huacatay picado y servir bien caliente""]","40","facil","/assets/images/recetas/lawa_de_maiz.jpg","Mate de muña",,
"118","1","Tarwi con cancha","Tarwi desamargado con cebolla y limón, servido con cancha tostada.","[""2 tazas de tarwi desamargado"",""1 taza de cancha tostada"",""1 cebolla roja picada"",""2 tomates picados"",""3 limones"",""Culantro picado""]","[""Verificar que el tarwi esté bien desamargado probando un grano"",""Escurrirlo muy bien y secarlo ligeramente"",""Picar la cebolla y enjuagarla en agua fría para quitarle el picor"",""Cortar el tomate en cubos pequeños"",""Mezclar el tarwi con la cebolla, el tomate y el culantro"",""Aliñar con jugo de limón, sal, pimienta y un chorrito de aceite"",""Servir con abundante cancha tostada al costado""]","20","facil","/assets/images/recetas/tarwi_con_cancha.jpg","Mate de coca",,
"119","1","Api con buñuelo","Bebida-desayuno espesa de maíz morado acompañada de buñuelo frito.","[""2 tazas de harina de maíz morado"",""1 litro de agua"",""1 taza de azúcar"",""1 palito de canela"",""2 tazas de harina para el buñuelo"",""1 cucharadita de anís""]","[""Disolver la harina de maíz morado en agua fría removiendo bien"",""Llevar a fuego medio con la canela y el clavo, removiendo sin parar"",""Cocinar 20 minutos hasta que espese y pierda el sabor a crudo"",""Endulzar con azúcar y agregar cáscara de naranja para aromatizar"",""Preparar la masa del buñuelo con harina, levadura, anís y agua tibia"",""Dejarla leudar y freír porciones estiradas en aceite caliente"",""Servir el api bien caliente en taza con el buñuelo al costado""]","90","media","/assets/images/recetas/api_con_bunuelo.jpg",,,
"120","1","Pan con pate","Pan francés untado con paté de hígado y cebolla encurtida.","[""4 panes franceses"",""200 g de paté de hígado"",""1 cebolla roja en pluma"",""2 limones"",""4 hojas de lechuga"",""Pimienta al gusto""]","[""Sacar el paté del frío unos minutos antes para que se unte con facilidad"",""Cortar la cebolla en pluma muy fina"",""Encurtirla con limón, sal y un poco de pimienta"",""Abrir el pan francés y tostarlo ligeramente"",""Untar el paté generosamente sobre la miga tibia"",""Colocar una hoja de lechuga encima"",""Terminar con la cebolla encurtida escurrida y cerrar el pan""]","12","facil","/assets/images/recetas/pan_con_pate.jpg","Café pasado",,
"121","1","Pan con pollo deshilachado y palta","Pan con pollo deshilachado, palta y crema de ají amarillo.","[""4 panes franceses"",""400 g de pollo cocido"",""2 paltas maduras"",""3 cucharadas de ají amarillo molido"",""1/3 taza de mayonesa"",""1 limón""]","[""Cocinar la pechuga en agua con sal, ajo y laurel, y dejarla enfriar en su caldo"",""Deshilacharla siguiendo la fibra de la carne"",""Mezclar la mayonesa con el ají amarillo para hacer una crema"",""Unir el pollo con parte de esa crema y sazonar"",""Aplastar la palta con sal, pimienta y limón"",""Abrir el pan, untar la palta en la base"",""Colocar el pollo encima, agregar más crema de ají y cerrar""]","30","facil","/assets/images/recetas/pan_con_pollo_deshilachado_y_palta.jpg","Jugo de maracuyá",,
"122","1","Tostada con manjar blanco","Pan de molde tostado con manjar blanco y plátano en rodajas.","[""8 rebanadas de pan de molde"",""1 taza de manjar blanco"",""2 plátanos en rodajas"",""20 g de mantequilla"",""1 cucharadita de canela"",""2 cucharadas de nueces picadas""]","[""Tostar las rebanadas de pan de molde hasta que queden crocantes"",""Untar una capa fina de mantequilla mientras siguen calientes"",""Dejar que la mantequilla se derrita sobre la tostada"",""Untar el manjar blanco generosamente encima"",""Cortar los plátanos en rodajas delgadas"",""Acomodarlas sobre el manjar cubriendo toda la superficie"",""Espolvorear canela y nueces picadas, y servir de inmediato""]","12","facil","/assets/images/recetas/tostada_con_manjar_blanco.jpg","Leche con café",,
"123","1","Pan con tortilla de raya","Pan norteño relleno de tortilla de raya con zarza criolla.","[""4 panes franceses"",""300 g de raya seca desalada"",""5 huevos"",""1 cebolla picada"",""2 cucharadas de ají panca molido"",""1 cebolla roja en pluma""]","[""Remojar la raya seca varias horas cambiando el agua para desalarla"",""Sancocharla brevemente y desmenuzarla retirando los cartílagos"",""Preparar un aderezo con cebolla, ajo y ají panca"",""Agregar la raya desmenuzada y saltear para que tome sabor"",""Batir los huevos, mezclarlos con la preparación fría y cuajar la tortilla en sartén"",""Cortar porciones del tamaño del pan"",""Rellenar el pan y coronar con zarza criolla de cebolla y limón""]","55","media","/assets/images/recetas/pan_con_tortilla_de_raya.jpg","Chicha de jora",,
"124","1","Huevos al plato","Huevos horneados en fuente individual con tomate, queso y orégano.","[""4 huevos"",""3 tomates picados"",""150 g de queso fresco"",""1 cebolla picada"",""2 cucharadas de aceite de oliva"",""Orégano al gusto""]","[""Saltear la cebolla y el ajo en aceite de oliva hasta que transparenten"",""Agregar el tomate picado y cocinar hasta que se deshaga en salsa"",""Sazonar con sal, pimienta y orégano"",""Repartir la salsa en fuentes individuales aptas para horno"",""Hacer un hueco al centro y romper un huevo dentro de cada fuente"",""Espolvorear queso fresco desmenuzado alrededor de la yema"",""Hornear a 190 grados por 10 minutos hasta que la clara cuaje y la yema siga líquida""]","30","facil","/assets/images/recetas/huevos_al_plato.jpg","Café pasado","Pan tostado",
"125","1","Huevo escalfado con pan","Huevo pochado en agua con vinagre servido sobre pan tostado.","[""4 huevos muy frescos"",""4 rebanadas de pan"",""2 cucharadas de vinagre blanco"",""20 g de mantequilla"",""Sal al gusto"",""Pimienta al gusto""]","[""Calentar agua en una olla honda sin dejar que llegue a hervir fuerte"",""Agregar el vinagre, que ayuda a que la clara cuaje alrededor de la yema"",""Romper cada huevo en una taza pequeña antes de echarlo al agua"",""Crear un remolino con una cuchara y deslizar el huevo al centro"",""Cocinar 3 minutos y retirar con espumadera, escurriendo bien"",""Tostar el pan y untarlo con mantequilla"",""Colocar el huevo encima, salpimentar y servir de inmediato""]","15","media","/assets/images/recetas/huevo_escalfado_con_pan.jpg","Café con leche",,
"126","1","Tortilla de atún","Tortilla de huevo con atún, cebolla y perejil.","[""6 huevos"",""2 latas de atún"",""1 cebolla picada"",""Perejil picado"",""2 cucharadas de aceite"",""Pimienta al gusto""]","[""Escurrir muy bien el atún para que la tortilla no quede húmeda"",""Saltear la cebolla picada hasta que transparente"",""Agregar el atún desmenuzado y saltear un par de minutos"",""Batir los huevos con sal, pimienta y perejil picado"",""Mezclar el atún con el huevo batido"",""Verter en sartén caliente y cocinar a fuego bajo hasta cuajar la base"",""Voltear con ayuda de un plato y dorar del otro lado""]","25","facil","/assets/images/recetas/tortilla_de_atun.jpg","Jugo de naranja","Pan francés",
"127","1","Tortilla de fideos","Tortilla hecha con fideos sobrantes, huevo y queso.","[""3 tazas de fideos cocidos"",""5 huevos"",""150 g de queso"",""1/2 cebolla picada"",""Perejil picado"",""2 cucharadas de aceite""]","[""Usar fideos cocidos del día anterior, que se mantienen más firmes"",""Saltear la cebolla picada hasta que transparente"",""Batir los huevos con sal, pimienta y perejil"",""Mezclar los fideos con el huevo batido y el queso rallado"",""Calentar aceite en una sartén y verter la mezcla"",""Cocinar a fuego bajo hasta que la base esté firme y dorada"",""Voltear con ayuda de un plato y dorar del otro lado""]","25","facil","/assets/images/recetas/tortilla_de_fideos.jpg","Café pasado","Salsa criolla",
"128","1","Tortitas de quinua","Tortitas fritas de quinua cocida con queso y verduras.","[""2 tazas de quinua cocida"",""2 huevos"",""150 g de queso fresco"",""1 zanahoria rallada"",""1/2 taza de harina"",""Aceite para freír""]","[""Cocinar la quinua bien lavada y dejarla enfriar para que no quede aguada"",""Rallar la zanahoria y exprimirla para quitar el exceso de agua"",""Mezclar la quinua con los huevos batidos y la harina"",""Agregar el queso desmenuzado y la zanahoria rallada"",""Sazonar con sal, pimienta y perejil picado"",""Formar tortitas con las manos y freírlas en aceite caliente"",""Dorar 3 minutos por lado y escurrir sobre papel absorbente""]","35","facil","/assets/images/recetas/tortitas_de_quinua.jpg","Jugo verde","Salsa de huacatay",
"129","1","Panqueques de quinua","Panqueques nutritivos hechos con harina de quinua y plátano.","[""1 taza de harina de quinua"",""1 taza de harina"",""2 huevos"",""2 tazas de leche"",""2 plátanos maduros"",""1 cucharada de polvo de hornear""]","[""Aplastar los plátanos maduros hasta hacerlos puré"",""Mezclar las dos harinas con el polvo de hornear y una pizca de sal"",""Batir los huevos con la leche y el puré de plátano"",""Unir los líquidos con los secos sin batir en exceso"",""Dejar reposar la mezcla 10 minutos"",""Cocinar cada panqueque en sartén antiadherente a fuego medio"",""Voltear cuando aparezcan burbujas y servir con miel""]","30","facil","/assets/images/recetas/panqueques_de_quinua.jpg","Jugo de papaya",,
"130","1","Pan de kiwicha","Pan integral enriquecido con harina de kiwicha, nutritivo y aromático.","[""700 g de harina integral"",""300 g de harina de kiwicha"",""25 g de levadura"",""2 cucharadas de miel"",""3 cucharadas de aceite"",""2 tazas de agua tibia""]","[""Activar la levadura en agua tibia con la miel hasta que espume"",""Mezclar la harina integral con la harina de kiwicha y la sal"",""Agregar la levadura activada y el aceite"",""Amasar durante 12 minutos hasta obtener una masa elástica"",""Dejar leudar tapada hasta que doble su volumen"",""Formar los panes y dejarlos leudar otra media hora en la bandeja"",""Hornear a 200 grados por 25 minutos hasta que suenen huecos al golpearlos""]","160","media","/assets/images/recetas/pan_de_kiwicha.jpg","Café pasado",,
"131","1","Barritas de kiwicha","Barras energéticas de kiwicha tostada con miel y frutos secos.","[""3 tazas de kiwicha pop"",""1 taza de miel"",""1/2 taza de pasas"",""1/2 taza de nueces picadas"",""2 cucharadas de mantequilla"",""1/4 taza de ajonjolí""]","[""Tostar la kiwicha en sartén caliente hasta que reviente como palomitas"",""Tostar ligeramente el ajonjolí y las nueces picadas"",""Calentar la miel con la mantequilla hasta que burbujee"",""Cocinar la miel dos minutos para que alcance punto de caramelo suave"",""Verter la miel caliente sobre la kiwicha y los frutos secos, mezclando rápido"",""Volcar la mezcla en un molde forrado y presionar con fuerza para compactarla"",""Dejar enfriar por completo y cortar en barras""]","40","media","/assets/images/recetas/barritas_de_kiwicha.jpg","Jugo de naranja",,
"132","1","Pan con mortadela","Pan francés con mortadela, mayonesa y lechuga.","[""4 panes franceses"",""300 g de mortadela en lonjas"",""1/3 taza de mayonesa"",""4 hojas de lechuga"",""1 tomate en rodajas"",""Pimienta al gusto""]","[""Cortar la mortadela en lonjas delgadas"",""Dorarlas brevemente en sartén si se prefiere caliente"",""Abrir el pan francés por la mitad"",""Untar mayonesa en la miga del pan"",""Colocar una hoja de lechuga bien seca"",""Acomodar las lonjas de mortadela dobladas para dar volumen"",""Agregar tomate, salpimentar y cerrar el pan""]","12","facil","/assets/images/recetas/pan_con_mortadela.jpg","Leche con café",,
"133","1","Pan con queso crema y mermelada","Pan tostado con queso crema y mermelada de fresa.","[""4 panes franceses"",""200 g de queso crema"",""1/2 taza de mermelada de fresa"",""20 g de mantequilla"",""1 cucharadita de ralladura de limón"",""Sal al gusto""]","[""Sacar el queso crema del frío 10 minutos antes para que se unte fácil"",""Mezclarlo con una pizca de sal y ralladura de limón"",""Abrir el pan francés y tostarlo hasta que la corteza quede crocante"",""Untar una capa fina de mantequilla sobre la miga caliente"",""Extender el queso crema en una capa gruesa"",""Agregar la mermelada de fresa encima sin mezclarla"",""Servir de inmediato mientras el pan sigue tibio""]","10","facil","/assets/images/recetas/pan_con_queso_crema_y_mermelada.jpg","Café con leche",,
"134","1","Pan con miel y mantequilla","Pan tostado con mantequilla derretida y miel de abeja.","[""4 panes franceses"",""60 g de mantequilla"",""1/2 taza de miel de abeja"",""1 cucharadita de canela"",""2 cucharadas de nueces picadas"",""Sal al gusto""]","[""Calentar el pan francés en horno o tostadora hasta que quede crocante"",""Abrirlo por la mitad mientras aún está caliente"",""Untar la mantequilla de inmediato para que se derrita sobre la miga"",""Rociar la miel generosamente sobre la mantequilla derretida"",""Espolvorear una pizca de canela"",""Agregar las nueces picadas para dar textura"",""Servir de inmediato acompañado de leche o café""]","10","facil","/assets/images/recetas/pan_con_miel_y_mantequilla.jpg","Leche con café",,
"135","1","Pan con huancaína","Pan francés untado con salsa huancaína y huevo duro.","[""4 panes franceses"",""4 ajíes amarillos"",""200 g de queso fresco"",""1 taza de leche evaporada"",""6 galletas de soda"",""2 huevos duros""]","[""Despepitar los ajíes amarillos y freírlos con cebolla y ajo hasta ablandar"",""Licuar ese sofrito con el queso fresco, la leche y las galletas"",""Ajustar la textura con más leche si la crema queda muy espesa"",""Rectificar la sal y dejar enfriar un poco"",""Abrir el pan francés y tostarlo ligeramente"",""Untar la salsa huancaína generosamente"",""Colocar rodajas de huevo duro y aceituna encima""]","30","facil","/assets/images/recetas/pan_con_huancaina.jpg","Chicha morada",,
"136","1","Papas doradas con huevo","Papas en cubos doradas en sartén con huevo revuelto y cebolla china.","[""5 papas en cubos"",""4 huevos"",""1 cebolla picada"",""3 tallos de cebolla china"",""3 cucharadas de aceite"",""Pimienta al gusto""]","[""Sancochar las papas en cubos hasta que estén tiernas sin deshacerse"",""Escurrirlas y dejarlas secar unos minutos"",""Calentar aceite en una sartén amplia y dorar las papas sin moverlas mucho"",""Agregar la cebolla picada y cocinar hasta que transparente"",""Batir los huevos con sal y pimienta"",""Verterlos sobre las papas y revolver suavemente hasta que cuajen"",""Terminar con cebolla china picada y servir caliente""]","30","facil","/assets/images/recetas/papas_doradas_con_huevo.jpg","Café con leche","Pan francés",
"137","1","Yuca con huevo","Yuca sancochada salteada con huevo revuelto y cebolla china.","[""800 g de yuca"",""4 huevos"",""1 cebolla picada"",""3 tallos de cebolla china"",""3 cucharadas de aceite"",""Sal al gusto""]","[""Pelar la yuca y sancocharla en agua con sal hasta que esté tierna"",""Retirar la fibra central y cortarla en cubos"",""Calentar aceite en una sartén y dorar la yuca por todos lados"",""Agregar la cebolla picada y cocinar hasta que transparente"",""Batir los huevos con sal y pimienta"",""Verterlos sobre la yuca y revolver hasta que cuajen"",""Terminar con cebolla china picada y servir con salsa de ají""]","35","facil","/assets/images/recetas/yuca_con_huevo.jpg","Café pasado","Salsa de ají",
"138","1","Plátano frito con huevo","Plátano maduro frito servido con huevo frito y arroz.","[""3 plátanos maduros"",""4 huevos"",""2 tazas de arroz cocido"",""4 cucharadas de aceite"",""Sal al gusto"",""Ají al gusto""]","[""Elegir plátanos bien maduros, con la cáscara manchada"",""Pelarlos y cortarlos en tiras diagonales de un centímetro"",""Freírlos en aceite caliente hasta que caramelicen por fuera"",""Escurrirlos sobre papel absorbente"",""Freír los huevos en la misma sartén dejando la yema líquida"",""Calentar el arroz cocido"",""Servir el arroz con el plátano y los huevos encima""]","25","facil","/assets/images/recetas/platano_frito_con_huevo.jpg","Chapo","Arroz blanco",
"139","1","Chifles con queso","Hojuelas fritas de plátano verde servidas con queso fresco.","[""4 plátanos verdes"",""250 g de queso fresco"",""Aceite para freír"",""Sal al gusto"",""1 limón"",""Ají charapita al gusto""]","[""Pelar los plátanos verdes haciendo un corte a lo largo de la cáscara"",""Cortarlos en láminas muy delgadas con mandolina o cuchillo afilado"",""Remojar las láminas unos minutos en agua con sal"",""Secarlas muy bien con papel para que no salte el aceite"",""Freírlas en abundante aceite caliente por tandas hasta que doren"",""Escurrir sobre papel absorbente y salar de inmediato"",""Servir con queso fresco en cubos y ají charapita al costado""]","35","media","/assets/images/recetas/chifles_con_queso.jpg","Refresco de cocona",,
"140","1","Camote sancochado con queso","Camote cocido servido tibio con queso fresco y miel.","[""4 camotes medianos"",""250 g de queso fresco"",""3 cucharadas de miel"",""1 palito de canela"",""Sal al gusto"",""Agua para cocinar""]","[""Lavar bien los camotes sin pelarlos para que no absorban agua"",""Colocarlos en una olla con agua, sal y un palito de canela"",""Hervir entre 25 y 30 minutos hasta que se pinchen con facilidad"",""Escurrirlos y dejarlos entibiar un momento"",""Pelarlos y cortarlos en rodajas gruesas"",""Acomodarlos en el plato con el queso fresco al costado"",""Rociar con un poco de miel y servir tibio""]","40","facil","/assets/images/recetas/camote_sancochado_con_queso.jpg","Mate de muña",,
"141","1","Sopa de fideos con huevo","Caldo ligero de fideos con huevo batido en hebras y cebolla china.","[""150 g de fideos cabello de ángel"",""1.5 litros de caldo de pollo"",""3 huevos"",""3 tallos de cebolla china"",""1 trozo de kion"",""Sal al gusto""]","[""Calentar el caldo de pollo con el kion y sal hasta que hierva"",""Retirar el kion una vez que haya perfumado el caldo"",""Agregar los fideos y cocinarlos apenas 3 minutos"",""Batir los huevos en un bowl aparte"",""Verterlos en hilo fino sobre el caldo hirviendo sin remover al inicio"",""Esperar unos segundos y remover suavemente para formar hebras"",""Servir con cebolla china picada y unas gotas de sillao""]","20","facil","/assets/images/recetas/sopa_de_fideos_con_huevo.jpg","Té verde","Pan francés",
"142","1","Pan con salpicón de pollo","Pan relleno de pollo deshilachado con verduras picadas y mayonesa.","[""4 panes franceses"",""400 g de pollo cocido"",""1 zanahoria cocida en cubos"",""1 taza de arvejas cocidas"",""1/2 taza de mayonesa"",""1 limón""]","[""Cocinar la pechuga de pollo y dejarla enfriar en su caldo"",""Deshilacharla siguiendo la fibra de la carne"",""Cocinar la zanahoria en cubos y las arvejas, y enfriarlas"",""Mezclar el pollo con las verduras y la mayonesa"",""Sazonar con sal, pimienta y unas gotas de limón"",""Abrir el pan francés por la mitad"",""Rellenar con el salpicón y servir de inmediato""]","35","facil","/assets/images/recetas/pan_con_salpicon_de_pollo.jpg","Jugo surtido",,
"143","1","Tequeños de queso","Bastones de queso envueltos en masa de wantán y fritos.","[""20 masas de wantán"",""400 g de queso edam en bastones"",""1 huevo batido"",""Aceite para freír"",""1/2 taza de guacamole"",""Sal al gusto""]","[""Cortar el queso en bastones del largo de la masa de wantán"",""Colocar un bastón en una esquina de la masa"",""Enrollar en diagonal cubriendo bien el queso por todos lados"",""Sellar el borde final con huevo batido presionando con el dedo"",""Verificar que no queden aberturas para que el queso no se escape al freír"",""Freír en abundante aceite caliente hasta que doren de manera pareja"",""Escurrir sobre papel y servir con guacamole""]","35","facil","/assets/images/recetas/tequenos_de_queso.jpg","Jugo de maracuyá","Guacamole",
"144","1","Pionono de manjar","Bizcocho enrollado relleno de manjar blanco y espolvoreado con azúcar.","[""5 huevos"",""1 taza de azúcar"",""1 taza de harina"",""1 taza de manjar blanco"",""1 cucharadita de vainilla"",""Azúcar impalpable para espolvorear""]","[""Batir los huevos con el azúcar hasta que tripliquen su volumen y blanqueen"",""Incorporar la harina cernida con movimientos envolventes para no perder aire"",""Verter en una bandeja forrada con papel, extendiendo en capa delgada"",""Hornear a 200 grados solo 10 minutos para que quede flexible"",""Volcar el bizcocho caliente sobre un paño espolvoreado con azúcar"",""Enrollarlo con el paño mientras está caliente y dejar enfriar enrollado"",""Desenrollar, untar el manjar blanco, volver a enrollar y espolvorear azúcar""]","45","media","/assets/images/recetas/pionono_de_manjar.jpg","Café con leche",,
"145","1","Alfajores de maicena","Galletas suaves de maicena unidas con manjar blanco y coco.","[""2 tazas de maicena"",""1 taza de harina"",""200 g de mantequilla"",""3 yemas"",""1 taza de manjar blanco"",""1 taza de coco rallado""]","[""Batir la mantequilla con el azúcar hasta obtener una crema pálida"",""Agregar las yemas una a una batiendo entre cada adición"",""Incorporar la maicena y la harina cernidas con polvo de hornear"",""Formar una masa suave sin amasar en exceso y dejarla reposar en frío"",""Estirar la masa y cortar discos pequeños"",""Hornear a 170 grados por 12 minutos sin dejar que doren"",""Unir los discos con manjar blanco y pasar los bordes por coco rallado""]","70","media","/assets/images/recetas/alfajores_de_maicena.jpg","Café pasado",,
"146","1","Queque de vainilla","Bizcocho clásico de vainilla, esponjoso y sencillo.","[""2 tazas de harina"",""1 taza de azúcar"",""4 huevos"",""200 g de mantequilla"",""1 cucharada de esencia de vainilla"",""1 cucharada de polvo de hornear""]","[""Sacar todos los ingredientes del frío 30 minutos antes para que estén a temperatura ambiente"",""Batir la mantequilla con el azúcar hasta que quede muy cremosa y pálida"",""Agregar los huevos uno a uno batiendo bien entre cada adición"",""Incorporar la esencia de vainilla"",""Añadir la harina cernida con el polvo de hornear en tres tandas"",""Mezclar con movimientos envolventes sin batir de más"",""Hornear a 180 grados por 40 minutos hasta que el palillo salga limpio""]","60","facil","/assets/images/recetas/queque_de_vainilla.jpg","Leche con café",,
"147","1","Muffins de arándanos","Panecillos individuales esponjosos con arándanos frescos.","[""2 tazas de harina"",""3/4 taza de azúcar"",""2 huevos"",""1 taza de leche"",""100 g de mantequilla derretida"",""1 taza de arándanos""]","[""Mezclar la harina con el azúcar, el polvo de hornear y una pizca de sal"",""Batir los huevos con la leche y la mantequilla derretida"",""Verter los líquidos sobre los secos y mezclar apenas, dejando grumos"",""No batir de más, porque eso hace que los muffins queden duros"",""Pasar los arándanos por un poco de harina para que no se vayan al fondo"",""Incorporarlos con espátula y repartir la mezcla en moldes de papel"",""Hornear a 190 grados por 22 minutos hasta que doren y suban""]","40","facil","/assets/images/recetas/muffins_de_arandanos.jpg","Café con leche",,
"148","1","Pan integral casero","Pan de harina integral con semillas, hecho en casa.","[""1 kg de harina integral"",""25 g de levadura"",""2 cucharadas de miel"",""3 cucharadas de aceite de oliva"",""1/2 taza de semillas mixtas"",""2 tazas de agua tibia""]","[""Activar la levadura en agua tibia con la miel hasta que forme espuma"",""Mezclar la harina integral con la sal y las semillas"",""Agregar la levadura activada y el aceite de oliva"",""Amasar durante 15 minutos: la masa integral necesita más trabajo que la blanca"",""Dejar leudar en un bowl aceitado hasta que doble su volumen"",""Desgasificar, formar el pan y colocarlo en molde para el segundo leudado"",""Hornear a 210 grados por 35 minutos hasta que suene hueco al golpear la base""]","180","media","/assets/images/recetas/pan_integral_casero.jpg","Café pasado",,
"149","1","Pan con ocopa","Pan francés untado con crema de ocopa y papa en rodajas.","[""4 panes franceses"",""1 atado de huacatay"",""1/2 taza de maní tostado"",""150 g de queso fresco"",""2 papas sancochadas"",""1 taza de leche evaporada""]","[""Freír cebolla, ajo y ají mirasol hasta que estén blandos"",""Licuar ese sofrito con el huacatay, el maní tostado y el queso fresco"",""Agregar la leche evaporada poco a poco hasta lograr una crema espesa"",""Rectificar la sal, que debe quedar bien marcada"",""Sancochar las papas y cortarlas en rodajas"",""Abrir el pan, untar la ocopa y colocar las rodajas de papa"",""Agregar más ocopa encima y cerrar el pan""]","35","facil","/assets/images/recetas/pan_con_ocopa.jpg","Chicha morada",,
"150","1","Wawa de pan","Pan dulce en forma de muñeca, tradicional de Todos los Santos.","[""1 kg de harina"",""200 g de azúcar"",""150 g de manteca"",""4 huevos"",""25 g de levadura"",""1 cucharada de anís""]","[""Activar la levadura en agua tibia con una cucharada de azúcar"",""Hervir el anís en agua y colar la infusión para aromatizar la masa"",""Mezclar la harina con el azúcar, los huevos, la manteca y la infusión"",""Agregar la levadura y amasar hasta obtener una masa lisa y elástica"",""Dejar leudar tapada hasta que doble su volumen"",""Formar las figuras de wawa estirando y modelando la masa a mano"",""Dejar leudar una vez más, pincelar con huevo y hornear a 180 grados 25 minutos""]","180","dificil","/assets/images/recetas/wawa_de_pan.jpg","Chocolate caliente",,
"151","2","Lomo Saltado","Salteado criollo-chino de carne de res, cebolla, tomate y papas fritas.","[""600 g de lomo de res, en tiras"",""1 cebolla roja grande, en pluma"",""2 tomates, en gajos"",""3 papas grandes, fritas"",""4 cucharadas de sillao (salsa de soya)"",""1 ají amarillo, en tiras""]","[""Cortar el lomo de res en tiras gruesas, la cebolla en pluma y el tomate en gajos"",""Freír las papas en abundante aceite caliente hasta que doren y queden crocantes por fuera, luego reservar sobre papel absorbente"",""Calentar un wok o sartén amplia a fuego muy alto hasta que humee ligeramente"",""Saltear la carne por tandas pequeñas durante 1 a 2 minutos para sellarla sin que suelte demasiado jugo, y reservar"",""En el mismo wok, saltear la cebolla y el ají amarillo en tiras a fuego alto durante 1 minuto"",""Incorporar el tomate y saltear brevemente para que mantenga su textura firme"",""Regresar la carne al wok, añadir el sillao, sal y pimienta, y saltear todo junto 1 minuto más"",""Agregar las papas fritas al final, mezclando con movimientos rápidos para que se impregnen del jugo sin perder su crocancia"",""Servir de inmediato acompañado de arroz blanco""]","30","media","/assets/images/recetas/lomo_saltado.jpg","Chicha morada","Arroz blanco",
"152","2","Ají de Gallina","Crema espesa de ají amarillo con gallina deshilachada sobre arroz.","[""600 g de pechuga de gallina"",""4 ajíes amarillos, licuados"",""2 rebanadas de pan de molde, remojadas en leche"",""1/2 taza de nueces, picadas"",""1/2 taza de queso parmesano, rallado""]","[""Cocer la pechuga de gallina en agua con sal, cebolla y apio durante 30 minutos, reservando el caldo"",""Deshilachar la gallina cocida en tiras finas con las manos"",""Remojar el pan de molde en leche tibia hasta que se ablande por completo"",""Licuar el ají amarillo sin pepas junto con el pan remojado, las nueces y un poco del caldo de gallina hasta obtener una crema lisa"",""Sofreír cebolla picada y ajo molido en aceite hasta que estén transparentes"",""Verter la crema licuada sobre el sofrito y cocinar a fuego medio, revolviendo constantemente para que no se pegue"",""Incorporar la gallina deshilachada y el queso parmesano rallado, y cocinar 10 minutos más hasta que espese"",""Ajustar la sal y añadir más caldo si queda demasiado espesa"",""Servir sobre arroz blanco, decorado con una rodaja de huevo duro y una aceituna""]","50","media","/assets/images/recetas/aji_de_gallina.jpg","Chicha morada","Arroz blanco",
"153","2","Arroz con Pollo","Arroz verde aromático cocido con presas de pollo y verduras.","[""8 presas de pollo"",""3 tazas de arroz"",""2 atados de culantro, licuados"",""1 taza de arvejas"",""1 zanahoria, en cubos""]","[""Sazonar las presas de pollo con sal, comino y pimienta"",""Dorar el pollo en una olla grande con aceite caliente por todos sus lados y reservar"",""Licuar el culantro con un poco de agua o caldo hasta obtener un puré verde intenso"",""En la misma olla, sofreír cebolla, ajo y ají amarillo picados hasta que estén transparentes"",""Añadir el culantro licuado y cocinar a fuego medio durante 5 minutos para que pierda el sabor crudo"",""Incorporar el pollo dorado junto con la zanahoria en cubos y cubrir con caldo de pollo"",""Añadir el arroz lavado y cocinar tapado a fuego bajo, sin destapar, hasta que el arroz absorba todo el líquido"",""Cinco minutos antes de terminar la cocción, incorporar las arvejas"",""Dejar reposar tapado 5 minutos más antes de servir, esponjando el arroz con un tenedor""]","45","media","/assets/images/recetas/arroz_con_pollo.jpg","Chicha de jora",,
"154","2","Seco de Res","Guiso de carne de res en salsa de culantro, típico de la costa norte.","[""800 g de carne de res, en trozos"",""2 atados de culantro, licuados"",""1 taza de chicha de jora"",""1 taza de arvejas"",""300 g de zapallo loche, en cubos""]","[""Cortar la carne de res en trozos grandes y sazonar con sal, comino y pimienta"",""Sellar la carne en una olla con aceite bien caliente hasta dorar todos los lados, y reservar"",""Licuar el culantro con un poco de agua hasta obtener un puré bien verde"",""En la misma olla, sofreír cebolla, ajo y ají amarillo picados finamente"",""Incorporar el culantro licuado y cocinar 5 minutos a fuego medio removiendo constantemente"",""Regresar la carne a la olla, añadir la chicha de jora y suficiente caldo o agua hasta cubrir"",""Cocinar tapado a fuego lento durante 50 minutos, revisando de vez en cuando y añadiendo líquido si se reduce demasiado"",""Agregar el zapallo loche en cubos y las arvejas cuando la carne esté casi suave, cocinando 15 minutos más"",""Verificar que la carne se deshaga fácilmente con el tenedor antes de retirar del fuego"",""Servir caliente acompañado de frejoles y arroz blanco""]","70","dificil","/assets/images/recetas/seco_de_res.jpg","Chicha morada","Frejoles y arroz",
"155","2","Carapulcra","Guiso afroperuano de papa seca con cerdo y maní tostado.","[""500 g de papa seca"",""500 g de carne de cerdo, en trozos"",""1 taza de maní tostado, molido"",""4 cucharadas de ají panca, licuado"",""30 g de chocolate (una onza)""]","[""Remojar la papa seca en agua tibia durante al menos 1 hora hasta que se hidrate y ablande"",""Sazonar el cerdo en trozos con sal, comino y pimienta"",""Dorar el cerdo en una olla con aceite caliente hasta sellar bien todos los lados, y reservar"",""Sofreír cebolla y ajo picados en la misma grasa hasta que estén transparentes"",""Añadir el ají panca licuado y cocinar 5 minutos removiendo para que no se pegue"",""Incorporar la papa seca escurrida y tostar ligeramente junto al aderezo por un par de minutos"",""Regresar el cerdo a la olla, cubrir con caldo caliente y cocinar tapado a fuego lento durante 40 minutos"",""Moler el maní tostado hasta obtener un polvo grueso e incorporarlo a la olla junto con una onza de chocolate rallado"",""Cocinar 20 minutos más a fuego muy bajo, revolviendo con frecuencia para que espese sin pegarse"",""Rectificar la sazón y servir caliente acompañado de arroz blanco""]","90","dificil","/assets/images/recetas/carapulcra.jpg","Chicha morada","Arroz blanco",
"156","2","Tallarines Verdes","Pasta bañada en salsa de albahaca cremosa, acompañada de bistec.","[""500 g de tallarines"",""2 atados de albahaca"",""1 atado de espinaca"",""200 g de queso fresco"",""1/2 taza de nueces""]","[""Deshojar la albahaca y la espinaca, y blanquearlas en agua hirviendo por 30 segundos, luego pasarlas a agua con hielo para fijar el color"",""Licuar la albahaca y espinaca blanqueadas junto con el queso fresco, las nueces, un diente de ajo y un chorro de leche o caldo hasta obtener una salsa cremosa"",""Sofreír cebolla picada en un poco de aceite hasta que esté transparente"",""Verter la salsa licuada sobre el sofrito y cocinar a fuego bajo por 5 minutos, sin dejar que hierva fuerte para que no pierda el color"",""Cocer los tallarines en abundante agua con sal hasta que estén al dente, siguiendo el tiempo indicado en el paquete"",""Escurrir la pasta reservando un poco del agua de cocción"",""Mezclar los tallarines con la salsa verde caliente, añadiendo un poco del agua reservada si queda muy espesa"",""Freír o dorar el bistec aparte con sal y pimienta hasta el punto deseado"",""Servir los tallarines verdes coronados con el bistec en tiras""]","30","facil","/assets/images/recetas/tallarines_verdes.jpg","Limonada","Bistec apanado",
"157","2","Causa Limeña","Puré de papa amarilla sazonado con ají y limón, relleno de pollo o atún.","[""1 kg de papa amarilla"",""3 ajíes amarillos, licuados"",""4 limones"",""2 paltas"",""300 g de pollo deshilachado o atún""]","[""Cocer la papa amarilla con cáscara en agua con sal hasta que esté bien suave, luego pelar y prensar en caliente"",""Sazonar el puré de papa con ají amarillo licuado, jugo de limón, sal y un chorrito de aceite, amasando hasta lograr una masa lisa sin grumos"",""Dejar enfriar la masa de papa a temperatura ambiente"",""Preparar el relleno mezclando pollo deshilachado o atún con mayonesa, cebolla picada y un toque de limón"",""Cortar la palta en láminas delgadas"",""Forrar un molde con film y colocar una capa de masa de papa presionando bien"",""Añadir una capa del relleno de pollo o atún y cubrir con láminas de palta"",""Terminar con otra capa de masa de papa, presionando para compactar"",""Desmoldar con cuidado, decorar la superficie y refrigerar al menos 30 minutos antes de servir""]","40","media","/assets/images/recetas/causa_limena.jpg","Chicha morada",,
"158","2","Papa a la Huancaína","Papas cocidas bañadas en salsa cremosa de ají amarillo y queso.","[""1 kg de papa blanca"",""4 ajíes amarillos"",""300 g de queso fresco"",""1 taza de leche"",""6 galletas de soda""]","[""Cocer las papas blancas con cáscara en agua con sal hasta que estén suaves al pincharlas con un tenedor"",""Dejar enfriar las papas, pelarlas y cortarlas en rodajas gruesas"",""Sofreír el ají amarillo sin pepas ni venas en un poco de aceite hasta que pierda el sabor picante fuerte"",""Licuar el ají sofrito junto con el queso fresco, la leche y las galletas de soda hasta obtener una crema espesa y homogénea"",""Probar y ajustar la sal, añadiendo más leche si la salsa queda demasiado espesa"",""Acomodar las rodajas de papa sobre un plato con hojas de lechuga"",""Bañar generosamente las papas con la salsa huancaína"",""Decorar con huevo duro en rodajas y una aceituna de botija antes de servir""]","25","facil","/assets/images/recetas/papa_a_la_huancaina.jpg","Chicha morada","Huevo duro y aceituna",
"159","2","Escabeche","Pescado frito bañado en un guiso agridulce de cebolla y ají panca.","[""4 filetes de pescado (800 g)"",""2 cebollas grandes, en pluma"",""3 cucharadas de ají panca, licuado"",""1/2 taza de vinagre"",""2 camotes""]","[""Sazonar los filetes de pescado con sal y pimienta, y pasarlos ligeramente por harina"",""Freír el pescado en aceite caliente hasta dorar por ambos lados, y reservar sobre papel absorbente"",""Cortar la cebolla en pluma gruesa y sofreírla en un poco de aceite hasta que empiece a transparentar sin perder su textura crocante"",""Añadir el ají panca licuado y cocinar 3 minutos a fuego medio"",""Incorporar el vinagre, un poco de agua o caldo, sal, pimienta y una pizca de azúcar, y hervir 5 minutos para que la cebolla se cocine a medias"",""Cocer el camote en agua con sal hasta que esté suave y cortarlo en rodajas"",""Colocar el pescado frito en una fuente y bañarlo con el escabeche caliente"",""Servir acompañado del camote y yuca sancochada, y decorar con huevo duro y aceitunas""]","40","media","/assets/images/recetas/escabeche.jpg","Chicha morada","Camote y yuca",
"160","2","Pollo a la Brasa","Pollo marinado y asado a fuego lento hasta quedar dorado y jugoso.","[""1 pollo entero (2 kg aprox.)"",""4 cucharadas de ají panca"",""1 taza de cerveza negra"",""1 cucharadita de comino, orégano y pimienta"",""4 papas grandes, fritas""]","[""Limpiar bien el pollo entero, retirando exceso de grasa y secándolo con papel toalla"",""Licuar el ají panca junto con ajo, sal, comino, pimienta, orégano y un poco de cerveza negra hasta obtener una marinada espesa"",""Frotar el pollo con la marinada por dentro y por fuera, asegurándose de cubrir bien toda la superficie"",""Dejar reposar en refrigeración cubierto durante al menos 4 horas, idealmente toda la noche"",""Precalentar el horno o la parrilla a fuego medio-alto preparando una cocción indirecta"",""Colocar el pollo en una rejilla con una bandeja debajo para recoger los jugos, y asar volteando cada 20 minutos"",""Pincelar con más marinada o con los propios jugos durante la cocción para mantenerlo húmedo"",""Verificar el punto de cocción pinchando el muslo, hasta que los jugos salgan claros, aproximadamente 70 a 80 minutos en total"",""Dejar reposar 10 minutos antes de trozar y servir con papas fritas y ensalada""]","100","dificil","/assets/images/recetas/pollo_a_la_brasa.jpg","Gaseosa","Papas fritas y ensalada",
"161","2","Arroz Chaufa","Arroz salteado al estilo chifa con huevo, cebolla china y sillao.","[""4 tazas de arroz cocido y frío"",""3 huevos"",""1 atado de cebolla china"",""4 cucharadas de sillao"",""300 g de pollo o carne, en cubos""]","[""Utilizar arroz cocido y frío, preferiblemente del día anterior, para que los granos queden sueltos"",""Batir los huevos con una pizca de sal, verterlos en un wok bien caliente con aceite y revolver rápido hasta cocinar en trozos pequeños; reservar"",""Cortar el pollo o la carne en cubos pequeños y saltearlos en el wok a fuego alto hasta dorar; reservar"",""Picar la cebolla china separando la parte blanca de la verde"",""En el mismo wok bien caliente, saltear la parte blanca de la cebolla china con un poco de aceite"",""Añadir el arroz frío y saltear a fuego alto, desmenuzando los grumos con la espátula para que se suelte"",""Incorporar el sillao poco a poco por los bordes del wok, mezclando rápido para que se distribuya de manera uniforme sin quedar aguado"",""Regresar el huevo y la carne al wok, añadir la parte verde de la cebolla china y saltear todo junto 2 minutos más"",""Servir bien caliente de inmediato""]","20","facil","/assets/images/recetas/arroz_chaufa.jpg","Chicha morada",,
"162","2","Tacu Tacu","Frejoles y arroz del día anterior dorados en sartén, servidos con bistec o mariscos.","[""2 tazas de frejoles cocidos"",""2 tazas de arroz cocido"",""1 ají amarillo, picado"",""1/2 cebolla, picada"",""4 bistecs""]","[""Sofreír cebolla picada y ají amarillo en un poco de aceite hasta que estén bien dorados"",""Aplastar los frejoles cocidos con un tenedor dejando algunos enteros para dar textura"",""Mezclar en un bowl los frejoles aplastados con el arroz cocido y el sofrito, sazonando con sal y comino"",""Calentar una sartén con aceite y verter la mezcla, extendiéndola y presionándola para formar una capa uniforme"",""Dorar a fuego medio sin mover durante unos 5 minutos hasta que se forme una costra dorada en la base"",""Doblar el tacu tacu sobre sí mismo como una tortilla y dorar el otro lado 3 minutos más"",""Sazonar y freír el bistec aparte con sal y pimienta hasta el punto deseado, o freír un huevo"",""Servir el tacu tacu caliente coronado con el bistec o el huevo frito""]","30","media","/assets/images/recetas/tacu_tacu.jpg","Chicha morada","Bistec o huevo frito",
"163","2","Frejoles con seco","Frejoles canarios guisados servidos junto a un seco de carne.","[""2 tazas de frejoles canarios"",""600 g de carne de res, en trozos"",""1 atado de culantro, licuado"",""1 cebolla, picada"",""3 dientes de ajo""]","[""Remojar los frejoles canarios desde la noche anterior para acortar el tiempo de cocción"",""Cocer los frejoles en agua con un trozo de cebolla y ajo hasta que estén suaves, reservando el caldo de cocción"",""Sofreír cebolla y ajo picados en una olla aparte hasta que estén dorados"",""Incorporar los frejoles cocidos con un poco de su caldo y cocinar a fuego medio 15 minutos, sazonando con sal y comino"",""Sellar la carne de res en trozos en otra olla hasta dorar por todos lados"",""Licuar culantro con un poco de agua y añadirlo a la carne junto con cebolla y ajo sofritos"",""Cocinar la carne tapada a fuego lento durante 40 minutos, añadiendo caldo si se reduce demasiado, hasta que esté suave"",""Servir los frejoles guisados junto al seco de carne y una porción de arroz blanco""]","60","media","/assets/images/recetas/frejoles_con_seco.jpg","Chicha morada","Arroz blanco",
"164","2","Estofado","Guiso de carne o pollo cocido lentamente en salsa de tomate.","[""800 g de carne o pollo, en trozos"",""3 tomates, picados"",""2 zanahorias, en trozos"",""3 papas, en trozos"",""1 taza de arvejas""]","[""Cortar la carne o el pollo en trozos medianos y sazonar con sal y pimienta"",""Sellar la carne en una olla con aceite caliente hasta dorar todos los lados, y reservar"",""Sofreír cebolla y ajo picados en la misma olla hasta que estén transparentes"",""Añadir el tomate picado o triturado y cocinar a fuego medio hasta que se deshaga formando una salsa"",""Regresar la carne a la olla, añadir un chorrito de vino o vinagre si se desea, y cubrir con caldo o agua"",""Cocinar tapado a fuego lento hasta que la carne esté tierna, entre 30 y 40 minutos según el corte"",""Incorporar la papa y la zanahoria en trozos, y cocinar 15 minutos más"",""Añadir las arvejas en los últimos 5 minutos de cocción"",""Rectificar la sazón y dejar que la salsa espese ligeramente antes de servir con arroz blanco""]","60","media","/assets/images/recetas/estofado.jpg","Chicha morada","Arroz blanco",
"165","2","Pescado Frito","Filete de pescado frito y crocante, clásico de los almuerzos costeños.","[""4 filetes de pescado (800 g)"",""1 taza de harina"",""2 limones"",""Sal al gusto"",""2 tazas de aceite para freír""]","[""Secar bien los filetes de pescado con papel toalla para que la harina se adhiera mejor"",""Sazonar el pescado con sal, pimienta y jugo de limón, dejando reposar unos minutos"",""Pasar cada filete por harina, sacudiendo el exceso para lograr una capa fina y uniforme"",""Calentar abundante aceite en una sartén a fuego medio-alto hasta que esté bien caliente"",""Freír el pescado por tandas, sin sobrecargar la sartén, entre 3 y 4 minutos por lado hasta dorar"",""Retirar y colocar sobre papel absorbente para eliminar el exceso de aceite"",""Servir de inmediato con un toque extra de limón, arroz y ensalada fresca""]","25","facil","/assets/images/recetas/pescado_frito.jpg","Chicha morada","Arroz y ensalada",
"166","2","Sudado","Pescado cocido a fuego lento en un guiso ligero de tomate y cebolla.","[""4 filetes o trozos de pescado (800 g)"",""2 tomates, en rodajas"",""1 cebolla grande, en pluma"",""1 ají amarillo, en tiras"",""1/2 atado de culantro, picado""]","[""Sazonar los trozos o filetes de pescado con sal, pimienta y un poco de limón"",""Cortar la cebolla en pluma gruesa y el tomate en rodajas"",""Sofreír la cebolla y el ají amarillo en tiras con un poco de aceite hasta que empiecen a ablandar"",""Añadir el tomate y cocinar 3 minutos, agregando un chorrito de agua o caldo de pescado"",""Colocar el pescado sazonado sobre el sofrito, cubriéndolo parcialmente con la cebolla y el tomate"",""Añadir culantro picado y tapar la olla, cocinando a fuego lento entre 12 y 15 minutos sin remover bruscamente para que el pescado no se rompa"",""Verificar que el pescado esté cocido y opaco por dentro antes de retirar"",""Servir caliente con el jugo del guiso, acompañado de arroz blanco""]","35","media","/assets/images/recetas/sudado.jpg","Chicha morada","Arroz blanco",
"167","2","Ceviche","Pescado fresco marinado en limón con cebolla, ají y culantro.","[""600 g de pescado fresco, en cubos"",""10 limones (jugo)"",""1 cebolla roja grande, en pluma"",""2 ajíes limo, picados"",""1/2 atado de culantro, picado""]","[""Elegir pescado muy fresco y cortarlo en cubos parejos de aproximadamente 2 centímetros"",""Colocar el pescado en un bowl frío y sazonar con sal y un poco de ajo molido"",""Exprimir limones frescos hasta obtener suficiente jugo para cubrir el pescado por completo"",""Verter el jugo de limón sobre el pescado y mezclar suavemente, dejando marinar entre 5 y 10 minutos hasta que la carne cambie a un tono opaco"",""Cortar la cebolla roja en pluma fina y lavarla brevemente en agua fría para suavizar su sabor"",""Picar finamente el ají limo y el culantro"",""Incorporar la cebolla, el ají limo y el culantro al pescado marinado, mezclando con cuidado para no romper los trozos"",""Probar y ajustar la sal y el picante al gusto"",""Servir de inmediato bien frío, acompañado de camote sancochado y choclo""]","20","media","/assets/images/recetas/ceviche.jpg","Chicha morada","Camote y choclo",
"168","2","Arroz con Mariscos","Arroz meloso cocido con una mezcla generosa de mariscos.","[""3 tazas de arroz"",""800 g de mariscos mixtos"",""2 ajíes amarillos, licuados"",""1 pimiento, picado"",""1 atado de culantro, picado""]","[""Limpiar bien los mariscos mixtos, retirando conchas o impurezas según corresponda"",""Preparar un caldo rápido hirviendo las cáscaras o cabezas de los mariscos con un trozo de cebolla y apio, y colar"",""Sofreír cebolla, ajo, ají amarillo licuado y pimiento picado en una olla amplia con aceite hasta que estén bien cocidos"",""Añadir los mariscos más firmes primero (como calamar o pulpo) y saltear 2 minutos"",""Incorporar el resto de los mariscos y saltear brevemente hasta que tomen color, luego retirar la mitad para añadir al final y evitar que se pasen de cocción"",""Agregar el arroz lavado al sofrito y tostarlo un par de minutos para que absorba los sabores"",""Cubrir con el caldo caliente de mariscos y cocinar a fuego medio-bajo sin tapar del todo, removiendo ocasionalmente para lograr una textura melosa"",""Cuando el arroz esté casi en su punto, incorporar los mariscos reservados y el culantro picado"",""Cocinar unos minutos más hasta que el arroz esté cocido pero jugoso, y servir de inmediato""]","45","dificil","/assets/images/recetas/arroz_con_mariscos.jpg","Chicha morada",,
"169","2","Cau Cau","Guiso limeño de mondongo y papa en dorado de ají amarillo con palillo y hierbabuena.","[""700 g de mondongo precocido, en cubos"",""4 papas blancas, en cubos"",""3 cucharadas de ají amarillo molido"",""1 cucharadita de palillo"",""1 cebolla mediana, picada fina"",""1 ramita de hierbabuena""]","[""Hervir el mondongo en agua con sal y una ramita de hierbabuena hasta que esté suave, luego cortarlo en cubos parejos"",""Preparar un aderezo friendo la cebolla picada con ajo hasta que transparente"",""Agregar el ají amarillo molido y el palillo, cocinando a fuego bajo hasta que el aderezo suelte su aceite"",""Incorporar el mondongo y saltearlo unos minutos para que tome color del aderezo"",""Añadir las papas en cubos y un poco de caldo, cocinando tapado hasta que la papa esté cocida pero firme"",""Agregar la hierbabuena picada al final y rectificar la sal"",""Servir caliente acompañado de arroz blanco graneado""]","70","media","/assets/images/recetas/cau_cau.jpg","Chicha morada","Arroz blanco",
"170","2","Anticuchos de corazón","Brochetas de corazón de res marinadas en ají panca y vinagre, asadas a la parrilla.","[""1 kg de corazón de res limpio, en cubos"",""4 cucharadas de ají panca molido"",""1/2 taza de vinagre tinto"",""4 dientes de ajo molidos"",""1 cucharadita de comino"",""4 papas sancochadas"",""2 choclos sancochados""]","[""Limpiar el corazón retirando nervios y grasa, y cortarlo en cubos de unos 3 cm"",""Mezclar el ají panca, el vinagre, el ajo, el comino, sal y pimienta para formar la marinada"",""Marinar la carne en esa mezcla por lo menos 4 horas, idealmente toda la noche en refrigeración"",""Ensartar tres o cuatro cubos por palito de caña, sin apretarlos demasiado"",""Asar sobre parrilla muy caliente 2 a 3 minutos por lado, pincelando con la marinada restante"",""Retirar apenas estén dorados por fuera y aún jugosos por dentro"",""Servir con papa sancochada, choclo y salsa de ají""]","45","media","/assets/images/recetas/anticuchos_de_corazon.jpg","Chicha morada","Papa sancochada y choclo",
"171","2","Rocoto Relleno","Clásico arequipeño de rocoto desvenado relleno de carne, queso y huevo, horneado.","[""6 rocotos grandes"",""500 g de carne de res molida"",""1 cebolla grande, picada"",""100 g de queso fresco en tajadas"",""3 huevos duros, picados"",""1/2 taza de leche evaporada"",""Azúcar y vinagre para desflemar""]","[""Cortar la tapa de los rocotos y retirar venas y pepas con cuidado, usando guantes"",""Desflemar los rocotos hirviéndolos en agua con azúcar y vinagre, cambiando el agua tres veces para bajar el picante"",""Preparar un aderezo con cebolla, ajo y ají panca, luego dorar la carne molida hasta que esté cocida"",""Agregar al relleno el huevo duro picado, maní tostado y sal, y dejar enfriar un poco"",""Rellenar cada rocoto, colocar una tajada de queso encima y taparlo con su propia tapa"",""Acomodar en una fuente con papas en rodajas, bañar con leche y queso, y hornear a 180 grados por 25 minutos"",""Servir caliente con el pastel de papa que se formó al fondo""]","90","dificil","/assets/images/recetas/rocoto_relleno.jpg","Chicha de jora","Pastel de papa",
"172","2","Adobo Arequipeño","Cerdo macerado en chicha de guiñapo y ají panca, cocido lento hasta quedar muy suave.","[""1 kg de carne de cerdo en trozos"",""2 tazas de chicha de guiñapo"",""4 cucharadas de ají panca molido"",""2 cebollas en gajos gruesos"",""1 cucharadita de orégano seco"",""4 dientes de ajo molidos""]","[""Macerar el cerdo desde la noche anterior en chicha de guiñapo con ajo, ají panca, orégano, sal y pimienta"",""Al día siguiente, colocar la carne con toda su maceración en una olla de barro o de fondo grueso"",""Agregar la cebolla en gajos gruesos y llevar a hervor suave"",""Bajar el fuego y cocinar tapado entre una hora y media y dos horas, sin revolver demasiado"",""Controlar el líquido: debe quedar un caldo concentrado y algo espeso, no seco"",""Rectificar la sal y dejar reposar unos minutos antes de servir"",""Servir en plato hondo con pan de tres puntas para mojar""]","120","media","/assets/images/recetas/adobo_arequipeno.jpg","Chicha de guiñapo","Pan de tres puntas",
"173","2","Chupe de Camarones","Sopa arequipeña espesa con camarones de río, leche, huevo escalfado y queso.","[""1 kg de camarones de río frescos"",""1 taza de arroz"",""2 papas en rodajas gruesas"",""1 choclo en rodajas"",""1 taza de leche evaporada"",""4 huevos"",""100 g de queso fresco""]","[""Limpiar los camarones reservando el coral de las cabezas, que da el color y el sabor característicos"",""Hacer un caldo hirviendo las cabezas y cáscaras por 20 minutos, luego colar"",""Preparar un aderezo con cebolla, ajo y ají panca, y agregar el coral reservado"",""Verter el caldo colado, añadir el arroz, el choclo y las habas, y cocinar 10 minutos"",""Incorporar las papas en rodajas y cocinar hasta que estén tiernas"",""Agregar los camarones y cocinarlos solo 3 minutos para que no se endurezcan"",""Escalfar los huevos dentro de la sopa, verter la leche y el queso en cubos, y apagar el fuego"",""Servir de inmediato con orégano espolvoreado encima""]","75","dificil","/assets/images/recetas/chupe_de_camarones.jpg","Chicha morada",,
"174","2","Parihuela","Sopa marina potente con pescado, mariscos, ají panca y un toque de pisco.","[""500 g de pescado en trozos"",""300 g de mariscos surtidos"",""2 cangrejos partidos"",""3 cucharadas de ají panca molido"",""1 copa de pisco"",""2 tomates picados"",""1 cebolla picada""]","[""Preparar un fondo con las cabezas y espinas del pescado hervidas 20 minutos, luego colar"",""Hacer un aderezo con cebolla, ajo, ají panca y ají amarillo hasta que suelte su aceite"",""Agregar el tomate picado y cocinar hasta deshacerlo por completo"",""Incorporar los cangrejos y las conchas, y saltear un par de minutos"",""Verter el pisco y dejar evaporar el alcohol antes de añadir el fondo de pescado"",""Dejar hervir 10 minutos, luego agregar el pescado y los mariscos más delicados"",""Cocinar 4 minutos más, rectificar la sal y añadir culantro picado"",""Servir bien caliente en plato hondo con limón aparte""]","60","media","/assets/images/recetas/parihuela.jpg","Chicha morada","Canchita serrana",
"175","2","Aguadito de Pollo","Sopa espesa de arroz y pollo teñida de verde por el culantro licuado.","[""1 kg de presas de pollo"",""1 taza de arroz"",""1 atado de culantro licuado"",""1 taza de arvejas"",""2 papas en cubos"",""1 choclo desgranado"",""1 cebolla picada""]","[""Dorar las presas de pollo en una olla con aceite caliente hasta sellarlas por ambos lados y reservar"",""En la misma olla preparar un aderezo con cebolla, ajo y ají amarillo"",""Licuar el culantro con un poco de agua e incorporarlo al aderezo, cocinando 3 minutos"",""Regresar el pollo, cubrir con caldo caliente y dejar hervir 15 minutos"",""Agregar el arroz, las arvejas y el choclo desgranado"",""Cuando el arroz esté casi listo, añadir la papa en cubos y cocinar hasta que ablande"",""Rectificar la sal y servir con limón y ají al gusto""]","55","facil","/assets/images/recetas/aguadito_de_pollo.jpg","Chicha morada",,
"176","2","Caldo de Gallina","Caldo reconfortante de gallina con fideos, papa y huevo duro.","[""1 gallina en presas"",""250 g de fideos cabello de ángel"",""4 papas amarillas"",""4 huevos duros"",""1 cebolla china picada"",""1 trozo de kion""]","[""Colocar las presas de gallina en una olla grande con agua fría, kion y sal"",""Hervir a fuego bajo por al menos dos horas, retirando la espuma que sube a la superficie"",""Sacar las presas cuando estén suaves y reservarlas tapadas para que no se sequen"",""Colar el caldo y volver a ponerlo al fuego"",""Cocinar las papas enteras dentro del caldo hasta que estén tiernas"",""Agregar los fideos y cocinarlos apenas 3 minutos para que no se pasen"",""Servir en plato hondo con una presa, papa, medio huevo duro y cebolla china encima""]","150","facil","/assets/images/recetas/caldo_de_gallina.jpg","Infusión de hierbas","Pan francés",
"177","2","Sopa Criolla","Sopa rápida de carne picada, fideos, leche y huevo, con pan frito encima.","[""300 g de carne de res picada fina"",""150 g de fideos cabello de ángel"",""1 taza de leche evaporada"",""2 tomates picados"",""4 huevos"",""2 cucharadas de ají panca molido"",""4 rodajas de pan frito""]","[""Saltear la carne picada a fuego alto hasta que dore y suelte su jugo"",""Agregar cebolla, ajo y ají panca, y cocinar hasta formar un aderezo brillante"",""Incorporar el tomate picado y dejar que se deshaga por completo"",""Verter caldo de res caliente y dejar hervir 10 minutos"",""Añadir los fideos y cocinarlos 3 minutos"",""Escalfar los huevos en la sopa y verter la leche evaporada sin dejar que hierva"",""Servir con una rodaja de pan frito y orégano encima""]","35","facil","/assets/images/recetas/sopa_criolla.jpg","Limonada","Pan frito",
"178","2","Menestrón","Sopa espesa de verduras, fideos y frejoles con pesto de albahaca peruano.","[""300 g de carne de res en trozos"",""1 taza de frejoles cocidos"",""2 zanahorias en cubos"",""1 zapallo pequeño en cubos"",""1 atado de albahaca"",""150 g de fideos codito"",""100 g de queso fresco rallado""]","[""Cocinar la carne en agua con sal hasta que esté suave, formando un caldo sabroso"",""Agregar la zanahoria, el zapallo, la vainita y el apio picados, y cocinar 15 minutos"",""Incorporar los frejoles ya cocidos y la papa en cubos"",""Licuar la albahaca con un poco de aceite, ajo y queso para formar el pesto"",""Añadir los fideos al caldo y cocinarlos hasta que estén al dente"",""Apagar el fuego e incorporar el pesto de albahaca, sin dejar que vuelva a hervir"",""Servir espolvoreado con queso fresco rallado""]","70","media","/assets/images/recetas/menestron.jpg","Chicha morada",,
"179","2","Olluquito con Charqui","Guiso andino de olluco en tiras salteado con charqui deshilachado y ají amarillo.","[""1 kg de ollucos en tiras finas"",""300 g de charqui remojado y deshilachado"",""3 cucharadas de ají amarillo molido"",""1 cebolla picada fina"",""4 dientes de ajo molidos"",""Culantro picado al gusto""]","[""Remojar el charqui en agua tibia por 30 minutos, luego escurrirlo y deshilacharlo con las manos"",""Cortar los ollucos en tiras delgadas y parejas"",""Preparar un aderezo con cebolla, ajo y ají amarillo hasta que suelte su aceite"",""Agregar el charqui deshilachado y saltearlo 5 minutos para que tome sabor"",""Incorporar los ollucos y mezclar bien, cocinando tapado a fuego medio"",""No agregar agua: el olluco suelta su propio jugo y debe quedar firme, nunca aguado"",""Añadir culantro picado al final y servir con arroz blanco""]","45","facil","/assets/images/recetas/olluquito_con_charqui.jpg","Chicha morada","Arroz blanco",
"180","2","Seco de Cabrito","Cabrito norteño macerado en chicha de jora y culantro, servido con frejoles y arroz.","[""1.5 kg de cabrito tierno en presas"",""2 tazas de chicha de jora"",""1 atado grande de culantro licuado"",""3 cucharadas de ají amarillo molido"",""2 tazas de frejol canario cocido"",""1 cebolla picada""]","[""Macerar las presas de cabrito en chicha de jora con ajo, sal y pimienta durante al menos 3 horas"",""Escurrir la carne reservando la maceración y dorarla en una olla con aceite bien caliente"",""Retirar la carne y en la misma olla hacer un aderezo con cebolla, ajo y ají amarillo"",""Licuar el culantro con un poco de agua e incorporarlo al aderezo, cocinando 5 minutos"",""Regresar la carne, verter la chicha de la maceración y tapar"",""Cocinar a fuego bajo entre una hora y hora y media hasta que el cabrito esté muy suave"",""Servir con frejoles, arroz blanco y salsa criolla""]","120","media","/assets/images/recetas/seco_de_cabrito.jpg","Chicha de jora","Frejoles y arroz blanco",
"181","2","Arroz con Pato","Arroz norteño cocido en culantro y cerveza negra con presas de pato doradas.","[""1 pato en presas"",""3 tazas de arroz"",""1 atado grande de culantro licuado"",""1 botella de cerveza negra"",""1 taza de arvejas"",""1 loche rallado o zapallo"",""3 cucharadas de ají amarillo molido""]","[""Sazonar las presas de pato con sal, pimienta y comino, y dorarlas en su propia grasa hasta que la piel quede crocante"",""Retirar el pato y en esa grasa preparar un aderezo con cebolla, ajo y ají amarillo"",""Agregar el loche rallado y el culantro licuado, cocinando hasta que el aderezo tome color verde intenso"",""Regresar las presas, verter la cerveza negra y dejar cocinar tapado 40 minutos"",""Retirar el pato ya cocido y medir el líquido para el arroz"",""Agregar el arroz y las arvejas al líquido hirviendo, tapar y cocinar a fuego bajo 18 minutos"",""Servir el arroz graneado con la presa de pato encima y salsa criolla al lado""]","100","dificil","/assets/images/recetas/arroz_con_pato.jpg","Chicha de jora","Salsa criolla",
"182","2","Juane","Bollo amazónico de arroz con gallina y huevo envuelto en hoja de bijao.","[""1 kg de presas de gallina"",""4 tazas de arroz"",""8 huevos"",""Hojas de bijao"",""2 cucharaditas de palillo"",""Aceitunas negras"",""Hojas de sachaculantro""]","[""Cocinar las presas de gallina en agua con sal, ajo y palillo hasta que estén suaves"",""Cocinar el arroz en ese mismo caldo para que tome color y sabor"",""Batir los huevos y mezclarlos con el arroz aún caliente hasta integrar bien"",""Pasar las hojas de bijao por agua caliente para que se ablanden y no se quiebren"",""Colocar una porción de arroz sobre la hoja, poner encima una presa, medio huevo duro y una aceituna"",""Cerrar la hoja formando un bollo redondo y amarrarlo firmemente con pabilo"",""Hervir los juanes en agua por 45 minutos y servirlos calientes dentro de su hoja""]","120","dificil","/assets/images/recetas/juane.jpg","Chapo",,
"183","2","Tacacho con Cecina","Bolas de plátano verde asado y machacado con manteca, servidas con cecina frita.","[""6 plátanos verdes"",""400 g de cecina ahumada"",""100 g de chicharrón de cerdo"",""3 cucharadas de manteca de cerdo"",""1 cebolla en pluma"",""Sal al gusto""]","[""Asar los plátanos verdes con cáscara sobre la brasa o parrilla hasta que estén tiernos por dentro"",""Pelarlos y machacarlos en un batán o mortero mientras siguen calientes"",""Agregar la manteca de cerdo y el chicharrón picado, mezclando hasta formar una masa homogénea"",""Formar bolas compactas del tamaño de un puño y reservarlas tapadas"",""Freír la cecina en una sartén caliente hasta que dore por ambos lados"",""Preparar una ensalada de cebolla en pluma con limón y ají charapita"",""Servir el tacacho con la cecina encima y la ensalada al costado""]","50","media","/assets/images/recetas/tacacho_con_cecina.jpg","Refresco de cocona","Ensalada de cebolla",
"184","2","Picante de Carne","Guiso andino de carne en salsa espesa de ají panca con papa y maní.","[""700 g de carne de res en cubos"",""4 cucharadas de ají panca molido"",""4 papas en cubos"",""1 cebolla picada fina"",""1/2 taza de maní tostado molido"",""4 dientes de ajo molidos""]","[""Sellar la carne en cubos a fuego alto hasta que dore por todos lados y reservar"",""Preparar un aderezo con cebolla, ajo y ají panca hasta que suelte su aceite"",""Regresar la carne al aderezo y cubrirla con caldo caliente"",""Cocinar tapado a fuego bajo hasta que la carne esté suave, aproximadamente una hora"",""Agregar el maní tostado molido para espesar la salsa"",""Incorporar las papas en cubos y cocinar hasta que estén tiernas"",""Rectificar la sal y servir con arroz blanco y perejil picado""]","90","media","/assets/images/recetas/picante_de_carne.jpg","Chicha morada","Arroz blanco",
"185","2","Cuy Chactado","Cuy aplastado con piedra y frito hasta quedar dorado y crocante.","[""2 cuyes limpios y abiertos"",""1 taza de harina de maíz"",""4 dientes de ajo molidos"",""1 cucharadita de comino"",""Aceite para freír"",""4 papas sancochadas""]","[""Limpiar bien los cuyes y abrirlos por la mitad dejándolos planos"",""Sazonarlos con ajo molido, comino, sal y pimienta, y dejar reposar 30 minutos"",""Pasarlos por harina de maíz presionando para que se adhiera bien"",""Calentar abundante aceite en una sartén amplia de fondo grueso"",""Colocar el cuy y encima una piedra plana limpia y caliente para mantenerlo aplastado"",""Freír unos 10 minutos por lado hasta que la piel quede muy dorada y crocante"",""Escurrir sobre papel y servir con papa sancochada, mote y salsa de ají""]","60","dificil","/assets/images/recetas/cuy_chactado.jpg","Chicha de jora","Papa sancochada y mote",
"186","2","Chicharrón de Pescado","Trozos de pescado apanados en chuño y fritos, servidos con salsa criolla.","[""800 g de filete de pescado en trozos"",""1 taza de chuño o harina de maíz"",""4 limones"",""1 cebolla roja en pluma"",""1 ají limo picado"",""Aceite para freír"",""2 camotes fritos""]","[""Cortar el pescado en trozos regulares y sazonarlos con sal, pimienta, ajo y limón"",""Dejar reposar 10 minutos para que tomen sabor sin que el limón los cocine"",""Pasar cada trozo por chuño presionando ligeramente y sacudir el exceso"",""Calentar abundante aceite hasta que un trocito de pan dore en segundos"",""Freír el pescado por tandas pequeñas durante 3 minutos hasta que quede dorado y crocante"",""Escurrir sobre papel absorbente para que no quede aceitoso"",""Servir con salsa criolla fresca, camote frito y rodajas de limón""]","35","facil","/assets/images/recetas/chicharron_de_pescado.jpg","Chicha morada","Salsa criolla y camote frito",
"187","2","Jalea Mixta","Fritura crocante de pescado y mariscos con yuca, salsa criolla y zarza.","[""500 g de filete de pescado en trozos"",""300 g de mariscos surtidos"",""1 taza de chuño"",""2 yucas sancochadas"",""1 cebolla roja en pluma"",""1 ají limo"",""4 limones""]","[""Sazonar el pescado y los mariscos con sal, pimienta, ajo y unas gotas de limón"",""Sancochar la yuca en agua con sal hasta que esté tierna, luego cortarla en bastones"",""Pasar pescado y mariscos por chuño, cubriéndolos de manera pareja"",""Freír en abundante aceite caliente por tandas para que no baje la temperatura"",""Freír también la yuca hasta que quede dorada por fuera"",""Preparar la zarza criolla con cebolla en pluma, ají limo, limón, sal y culantro"",""Servir la fritura sobre la yuca con la zarza encima y limones al lado""]","50","media","/assets/images/recetas/jalea_mixta.jpg","Chicha morada","Yuca frita y zarza criolla",
"188","2","Tiradito de Pescado","Láminas finas de pescado crudo bañadas en crema de ají amarillo y limón.","[""600 g de filete de pescado muy fresco"",""8 limones"",""3 cucharadas de ají amarillo molido"",""1 trozo pequeño de kion"",""Culantro fresco"",""Sal al gusto""]","[""Cortar el pescado en láminas muy delgadas, como si fuera sashimi, y acomodarlas en el plato"",""Exprimir los limones sin apretar la cáscara para que el jugo no amargue"",""Licuar el jugo de limón con el ají amarillo, un trocito de kion, sal y hielo"",""Colar la mezcla para obtener una crema fina y homogénea"",""Bañar las láminas de pescado con la crema justo antes de servir"",""Decorar con culantro picado y rodajas de ají limo"",""Servir de inmediato bien frío, acompañado de choclo y camote""]","25","media","/assets/images/recetas/tiradito_de_pescado.jpg","Chicha morada","Choclo y camote",
"189","2","Ocopa Arequipeña","Papas sancochadas bañadas en crema de huacatay, maní y queso.","[""6 papas amarillas sancochadas"",""1 atado de huacatay"",""1/2 taza de maní tostado"",""150 g de queso fresco"",""4 galletas de vainilla"",""3 ajíes mirasol"",""1 taza de leche evaporada""]","[""Sancochar las papas con cáscara hasta que estén tiernas, luego pelarlas y cortarlas en rodajas gruesas"",""Freír la cebolla, el ajo y los ajíes mirasol despepitados hasta que estén blandos"",""Licuar ese sofrito con el huacatay, el maní tostado, el queso fresco y las galletas"",""Agregar la leche evaporada poco a poco hasta lograr una crema espesa pero fluida"",""Rectificar la sal: la crema debe quedar bien sazonada porque la papa es neutra"",""Acomodar las rodajas de papa sobre hojas de lechuga y bañarlas con la ocopa"",""Decorar con huevo duro y aceituna negra, y servir frío o a temperatura ambiente""]","40","facil","/assets/images/recetas/ocopa_arequipena.jpg","Chicha morada","Huevo duro y aceituna",
"190","2","Solterito Arequipeño","Ensalada fría de habas, choclo, queso, tomate y aceituna con vinagreta.","[""2 tazas de habas cocidas"",""2 choclos desgranados y cocidos"",""200 g de queso fresco en cubos"",""2 tomates en cubos"",""1 cebolla roja picada"",""100 g de aceitunas botija"",""Vinagre y aceite de oliva""]","[""Cocinar las habas peladas y el choclo desgranado en agua con sal, luego enfriarlos"",""Cortar el tomate y el queso fresco en cubos del mismo tamaño"",""Picar la cebolla roja y enjuagarla con agua fría para quitarle el picor fuerte"",""Deshuesar las aceitunas botija y cortarlas en mitades"",""Mezclar todos los ingredientes en un bowl amplio con movimientos suaves"",""Aliñar con aceite de oliva, vinagre, sal, pimienta y perejil picado"",""Dejar reposar 15 minutos en frío antes de servir para que se integren los sabores""]","30","facil","/assets/images/recetas/solterito_arequipeno.jpg","Chicha morada",,
"191","2","Chanfainita","Guiso popular de bofe de res picado con papa en salsa de ají panca y hierbabuena.","[""700 g de bofe de res"",""4 papas en cubos"",""3 cucharadas de ají panca molido"",""1 cebolla picada fina"",""1 ramita de hierbabuena"",""4 dientes de ajo molidos""]","[""Hervir el bofe en agua con sal y hierbabuena hasta que esté suave, luego cortarlo en cubos pequeños"",""Preparar un aderezo friendo cebolla y ajo hasta dorar"",""Agregar el ají panca molido y cocinar a fuego bajo hasta que suelte su aceite"",""Incorporar el bofe picado y saltearlo para que absorba el aderezo"",""Verter un poco del caldo de cocción y dejar hervir 10 minutos"",""Añadir las papas en cubos y cocinar hasta que estén tiernas y la salsa espese"",""Terminar con hierbabuena picada y servir con arroz blanco y mote""]","70","media","/assets/images/recetas/chanfainita.jpg","Chicha morada","Arroz blanco y mote",
"192","2","Mondonguito a la Italiana","Mondongo en tiras salteado con tomate, vino y hierbas, al estilo italo-peruano.","[""700 g de mondongo precocido en tiras"",""3 tomates pelados y picados"",""1/2 taza de vino tinto"",""1 cebolla picada"",""1 cucharadita de orégano seco"",""100 g de queso parmesano rallado""]","[""Cocinar el mondongo en agua con sal y hierbas hasta que esté suave, luego cortarlo en tiras finas"",""Saltear cebolla y ajo en aceite hasta que estén transparentes"",""Agregar el tomate pelado y picado, cocinando hasta que se deshaga en una salsa"",""Verter el vino tinto y dejar reducir a fuego medio"",""Incorporar el mondongo en tiras y cocinar 15 minutos para que tome sabor"",""Sazonar con orégano, sal y pimienta, y espesar la salsa si hace falta"",""Servir con puré de papas o arroz y espolvorear parmesano rallado""]","80","media","/assets/images/recetas/mondonguito_a_la_italiana.jpg","Chicha morada","Puré de papas",
"193","2","Arroz Tapado","Molde de arroz relleno de carne molida guisada con pasas, huevo y aceituna.","[""4 tazas de arroz cocido"",""500 g de carne molida"",""1 cebolla picada fina"",""1/4 taza de pasas"",""2 huevos duros picados"",""50 g de aceitunas picadas"",""2 cucharadas de ají panca molido""]","[""Preparar un aderezo con cebolla, ajo y ají panca hasta que esté bien cocido"",""Agregar la carne molida y saltearla a fuego alto hasta que dore y pierda el agua"",""Incorporar las pasas, las aceitunas picadas y el huevo duro, y sazonar con comino y sal"",""Dejar que el relleno quede jugoso pero no aguado, y retirar del fuego"",""Engrasar un molde individual y colocar una capa de arroz presionando ligeramente"",""Poner una capa generosa del relleno y cubrir con más arroz, presionando de nuevo"",""Desmoldar sobre el plato con cuidado y servir con plátano frito o huevo frito encima""]","45","facil","/assets/images/recetas/arroz_tapado.jpg","Chicha morada","Plátano frito",
"194","2","Tallarín Saltado Criollo","Fideos salteados al wok con carne, cebolla, tomate y sillao.","[""400 g de tallarín cocido al dente"",""500 g de lomo de res en tiras"",""1 cebolla roja en pluma"",""2 tomates en gajos"",""4 cucharadas de sillao"",""1 ají amarillo en tiras""]","[""Cocinar el tallarín en abundante agua con sal hasta que esté al dente y escurrirlo con un chorrito de aceite"",""Calentar el wok a fuego muy alto hasta que humee ligeramente"",""Sellar la carne en tiras por tandas durante un minuto y reservarla"",""Saltear la cebolla y el ají amarillo a fuego alto para que queden crocantes"",""Agregar el tomate en gajos y saltear brevemente sin que se deshaga"",""Regresar la carne, añadir el sillao y el vinagre, y mezclar rápido"",""Incorporar el tallarín y saltear todo junto un minuto para que se impregne del jugo""]","35","media","/assets/images/recetas/tallarin_saltado_criollo.jpg","Chicha morada",,
"195","2","Tallarines Rojos","Pasta en salsa roja de tomate con carne guisada, al estilo peruano.","[""500 g de tallarín"",""600 g de carne de res en trozos"",""6 tomates maduros licuados"",""1 cebolla picada fina"",""1 cucharadita de orégano"",""100 g de queso parmesano rallado""]","[""Sellar la carne en una olla con aceite caliente hasta dorarla por todos lados"",""Retirar la carne y en esa misma grasa freír cebolla y ajo hasta dorar"",""Agregar el tomate licuado y cocinar a fuego bajo al menos 30 minutos para que pierda la acidez"",""Regresar la carne a la salsa, sazonar con orégano, sal y pimienta, y cocinar tapado hasta que esté suave"",""Cocinar el tallarín en agua con sal hasta que esté al dente y escurrirlo"",""Mezclar la pasta con parte de la salsa para que no quede seca"",""Servir con un trozo de carne encima y queso parmesano rallado""]","90","facil","/assets/images/recetas/tallarines_rojos.jpg","Chicha morada",,
"196","2","Sopa Seca Chinchana","Fideos teñidos de achiote y albahaca con presas de gallina, típicos de Chincha.","[""500 g de fideos tallarín"",""1 kg de presas de gallina"",""1 atado de albahaca licuada"",""2 cucharadas de achiote"",""3 tomates picados"",""1 cebolla picada""]","[""Sancochar las presas de gallina en agua con sal hasta que estén suaves y reservar el caldo"",""Preparar un aderezo con cebolla, ajo, ají panca y achiote hasta que tome color rojizo intenso"",""Agregar el tomate picado y la albahaca licuada, cocinando 5 minutos"",""Verter el caldo de gallina y dejar que hierva"",""Añadir los fideos crudos directamente al caldo hirviendo"",""Cocinar a fuego medio removiendo hasta que el fideo absorba casi todo el líquido y quede seco"",""Servir con la presa de gallina encima, tradicionalmente junto a carapulcra""]","75","media","/assets/images/recetas/sopa_seca_chinchana.jpg","Chicha morada","Carapulcra",
"197","2","Bistec a lo Pobre","Bistec de res con papas fritas, plátano frito y huevo frito encima.","[""4 bistecs de res"",""4 papas grandes en bastones"",""2 plátanos maduros"",""4 huevos"",""4 dientes de ajo molidos"",""1 taza de arroz cocido""]","[""Sazonar los bistecs con ajo molido, sal, pimienta y comino, y dejar reposar 15 minutos"",""Freír las papas en bastones en abundante aceite hasta que estén doradas y crocantes"",""Cortar los plátanos maduros en tiras y freírlos hasta que caramelicen por fuera"",""Calentar bien una sartén o plancha y sellar los bistecs 2 minutos por lado"",""Freír los huevos dejando la yema líquida"",""Montar el plato con arroz, el bistec, las papas y el plátano frito"",""Coronar con el huevo frito y servir de inmediato""]","40","facil","/assets/images/recetas/bistec_a_lo_pobre.jpg","Chicha morada","Arroz blanco",
"198","2","Apanado de Carne","Filete de res empanizado y frito, servido con arroz, papas y ensalada.","[""4 filetes delgados de res"",""2 tazas de pan molido"",""2 huevos batidos"",""1 taza de harina"",""4 dientes de ajo molidos"",""Aceite para freír""]","[""Golpear los filetes con un mazo hasta dejarlos delgados y parejos"",""Sazonarlos con ajo molido, sal, pimienta y comino"",""Pasar cada filete primero por harina, luego por huevo batido y finalmente por pan molido"",""Presionar bien el pan molido para que la capa quede compacta y no se despegue al freír"",""Calentar aceite a fuego medio y freír cada filete 3 minutos por lado hasta dorar"",""Escurrir sobre papel absorbente para quitar el exceso de aceite"",""Servir con arroz blanco, papas fritas, ensalada fresca y limón""]","40","facil","/assets/images/recetas/apanado_de_carne.jpg","Limonada","Arroz y papas fritas",
"199","2","Chi Jau Kay","Pollo apanado bañado en salsa chi jau kay agridulce de chifa.","[""800 g de pechuga de pollo en trozos"",""1 taza de chuño"",""4 cucharadas de salsa chi jau kay"",""2 cucharadas de sillao"",""1 cucharada de azúcar"",""1 trozo de kion rallado""]","[""Cortar la pechuga en trozos medianos y sazonarlos con sillao, kion y pimienta"",""Pasar el pollo por chuño hasta cubrirlo de manera pareja"",""Freír en abundante aceite caliente hasta que quede dorado y crocante, luego escurrir"",""En un wok calentar un poco de aceite y sofreír ajo y kion rallado"",""Agregar la salsa chi jau kay, el sillao, el azúcar y un poco de agua"",""Dejar hervir y espesar con chuño disuelto en agua fría hasta que brille"",""Bañar el pollo crocante con la salsa justo antes de servir con arroz blanco""]","45","media","/assets/images/recetas/chi_jau_kay.jpg","Té de jazmín","Arroz blanco",
"200","2","Kam Lu Wantán","Wantanes fritos con cerdo, langostinos y verduras en salsa agridulce.","[""20 masas de wantán"",""300 g de carne de cerdo en trozos"",""200 g de langostinos"",""1 pimiento en cubos"",""1 taza de piña en cubos"",""4 cucharadas de salsa agridulce""]","[""Freír las masas de wantán vacías en aceite caliente hasta que inflen y queden crocantes"",""Saltear el cerdo en cubos a fuego alto hasta que dore por fuera"",""Agregar los langostinos y cocinarlos apenas dos minutos para que no se endurezcan"",""Incorporar el pimiento, la cebolla y la piña en cubos, salteando a fuego vivo"",""Verter la salsa agridulce con un poco de caldo y dejar hervir"",""Espesar con chuño disuelto en agua fría hasta que la salsa nape los ingredientes"",""Servir sobre los wantanes fritos justo antes de comer para que no se ablanden""]","50","media","/assets/images/recetas/kam_lu_wantan.jpg","Té de jazmín","Arroz chaufa",
"201","2","Sopa Wantán","Caldo claro de chifa con wantanes rellenos, char siu y verduras.","[""20 wantanes rellenos de cerdo"",""2 litros de caldo de pollo"",""200 g de char siu en láminas"",""1 taza de col china picada"",""2 cucharadas de sillao"",""1 trozo de kion""]","[""Preparar un caldo claro hirviendo huesos de pollo con kion y cebolla china, luego colarlo"",""Rellenar los wantanes con carne de cerdo sazonada y sellarlos bien con agua en los bordes"",""Llevar el caldo a hervor suave y sazonarlo con sillao, sal y pimienta"",""Cocinar los wantanes en el caldo hasta que suban a la superficie, unos 4 minutos"",""Agregar la col china y las verduras, cocinando apenas un minuto para que queden crocantes"",""Servir en plato hondo con láminas de char siu encima"",""Terminar con cebolla china picada y unas gotas de aceite de ajonjolí""]","60","media","/assets/images/recetas/sopa_wantan.jpg","Té de jazmín",,
"202","2","Aeropuerto","Combinación de arroz chaufa y tallarín saltado en un solo plato de chifa.","[""2 tazas de arroz cocido frío"",""250 g de tallarín cocido"",""200 g de pollo en tiras"",""200 g de cerdo char siu"",""3 huevos"",""4 cucharadas de sillao""]","[""Usar arroz cocido del día anterior, bien frío y suelto, para que no se apelmace"",""Hacer una tortilla delgada con los huevos y cortarla en tiras finas"",""Calentar el wok a fuego máximo y saltear el pollo y el char siu"",""Agregar el arroz y saltearlo con sillao hasta que tome color parejo"",""En otra sartén saltear el tallarín con verduras y sillao"",""Juntar el chaufa y el tallarín en el wok y mezclar rápidamente"",""Terminar con cebolla china, la tortilla en tiras y unas gotas de aceite de ajonjolí""]","40","media","/assets/images/recetas/aeropuerto.jpg","Té de jazmín",,
"203","2","Chaufa de Mariscos","Arroz chaufa salteado con mariscos frescos, kion y sillao.","[""3 tazas de arroz cocido frío"",""400 g de mariscos surtidos"",""3 huevos"",""4 cucharadas de sillao"",""1 trozo de kion rallado"",""4 tallos de cebolla china""]","[""Limpiar bien los mariscos y escurrirlos para que no suelten agua en el wok"",""Hacer una tortilla fina con los huevos y cortarla en tiras"",""Calentar el wok a fuego muy alto con un poco de aceite"",""Saltear el kion y el ajo unos segundos, luego agregar los mariscos por 2 minutos"",""Incorporar el arroz frío y saltear despegándolo con la espátula"",""Verter el sillao por el borde del wok para que se caramelice al tocar el metal"",""Agregar la tortilla y la cebolla china, mezclar y servir de inmediato""]","35","media","/assets/images/recetas/chaufa_de_mariscos.jpg","Chicha morada",,
"204","2","Pollo Saltado","Versión con pollo del saltado criollo, con papas fritas y arroz.","[""600 g de pechuga de pollo en tiras"",""1 cebolla roja en pluma"",""2 tomates en gajos"",""3 papas grandes fritas"",""4 cucharadas de sillao"",""2 cucharadas de vinagre tinto""]","[""Cortar el pollo en tiras gruesas y sazonarlo con sal, pimienta y comino"",""Freír las papas en bastones hasta que queden doradas y crocantes, luego reservar"",""Calentar el wok a fuego muy alto hasta que humee"",""Saltear el pollo por tandas para que se selle en lugar de hervir en su jugo"",""Agregar la cebolla y el ají amarillo, salteando un minuto a fuego vivo"",""Incorporar el tomate, el sillao y el vinagre, mezclando rápido"",""Añadir las papas fritas al final, mezclar y servir de inmediato con arroz""]","35","facil","/assets/images/recetas/pollo_saltado.jpg","Chicha morada","Arroz blanco",
"205","2","Saltado de Coliflor","Saltado vegetariano de coliflor rebozada con cebolla, tomate y sillao.","[""1 coliflor grande en floretes"",""1 taza de harina"",""2 huevos"",""1 cebolla roja en pluma"",""2 tomates en gajos"",""3 cucharadas de sillao""]","[""Blanquear los floretes de coliflor en agua hirviendo con sal por 3 minutos y escurrirlos bien"",""Preparar un rebozado con harina, huevo, sal y un poco de agua hasta lograr una mezcla espesa"",""Pasar la coliflor por el rebozado y freírla en aceite caliente hasta dorar"",""Calentar el wok a fuego alto y saltear la cebolla y el ají amarillo"",""Agregar el tomate en gajos y saltear brevemente"",""Incorporar la coliflor frita, el sillao y el vinagre, mezclando con cuidado"",""Servir de inmediato con arroz blanco y papas fritas""]","40","facil","/assets/images/recetas/saltado_de_coliflor.jpg","Chicha morada","Arroz blanco",
"206","2","Hígado Encebollado","Hígado de res salteado con abundante cebolla, tomate y vinagre.","[""700 g de hígado de res en tiras"",""3 cebollas rojas en pluma"",""2 tomates en gajos"",""3 cucharadas de vinagre tinto"",""2 cucharadas de sillao"",""4 dientes de ajo molidos""]","[""Cortar el hígado en tiras delgadas retirando las membranas"",""Remojarlo unos minutos en leche o agua con vinagre para suavizar su sabor"",""Escurrirlo bien y sazonarlo con ajo, sal, pimienta y comino"",""Calentar el wok a fuego muy alto y saltear el hígado apenas 2 minutos para que no se endurezca"",""Retirar el hígado y saltear la cebolla en pluma hasta que quede crocante"",""Agregar el tomate, el vinagre y el sillao, y regresar el hígado"",""Mezclar rápido y servir con arroz blanco y papas fritas""]","30","facil","/assets/images/recetas/higado_encebollado.jpg","Chicha morada","Arroz y papas fritas",
"207","2","Malaya Frita","Malaya de res sancochada y luego frita hasta quedar crocante por fuera.","[""1 kg de malaya de res"",""4 dientes de ajo molidos"",""1 cucharadita de comino"",""2 hojas de laurel"",""Aceite para freír"",""1 cebolla roja en pluma""]","[""Cocinar la malaya en agua con sal, laurel, ajo y cebolla hasta que esté muy suave"",""Retirarla del caldo y dejarla enfriar para poder cortarla sin deshacerla"",""Cortarla en porciones y sazonarlas con ajo molido, comino, sal y pimienta"",""Calentar aceite en una sartén amplia a fuego medio alto"",""Freír las porciones hasta que estén bien doradas y crocantes por fuera"",""Escurrir sobre papel absorbente"",""Servir con salsa criolla, yuca o papa dorada y arroz blanco""]","110","media","/assets/images/recetas/malaya_frita.jpg","Chicha morada","Salsa criolla y yuca",
"208","2","Papa Rellena","Masa de papa amarilla rellena de carne guisada, frita hasta dorar.","[""1 kg de papa amarilla sancochada"",""400 g de carne molida"",""1 cebolla picada fina"",""2 huevos duros picados"",""50 g de aceitunas picadas"",""1 taza de harina""]","[""Sancochar las papas amarillas, pelarlas y prensarlas en caliente hasta formar una masa fina"",""Dejar enfriar la masa y sazonarla con sal para que se pueda manipular"",""Preparar el relleno con aderezo de cebolla, ajo y ají panca, y dorar la carne molida"",""Agregar al relleno huevo duro, aceitunas y pasas, y dejar enfriar"",""Tomar una porción de masa en la mano, aplanarla y colocar el relleno al centro"",""Cerrar formando un óvalo compacto sin que queden aberturas, y pasarlo por harina"",""Freír en abundante aceite caliente hasta dorar y servir con salsa criolla""]","70","media","/assets/images/recetas/papa_rellena.jpg","Chicha morada","Salsa criolla",
"209","2","Pescado a lo Macho","Filete de pescado frito bañado en salsa picante de mariscos y ají panca.","[""4 filetes de pescado"",""400 g de mariscos surtidos"",""3 cucharadas de ají panca molido"",""2 cucharadas de ají amarillo molido"",""1/2 taza de vino blanco"",""1 taza de caldo de pescado""]","[""Sazonar los filetes con sal, pimienta y limón, pasarlos por harina y freírlos hasta dorar"",""En otra sartén preparar un aderezo con cebolla, ajo, ají panca y ají amarillo"",""Agregar el tomate rallado y cocinar hasta que se deshaga"",""Incorporar los mariscos y saltearlos brevemente para que no se endurezcan"",""Verter el vino blanco y dejar evaporar el alcohol"",""Añadir el caldo de pescado y dejar que la salsa espese y brille"",""Bañar el pescado frito con la salsa de mariscos y servir con arroz y yuca""]","50","media","/assets/images/recetas/pescado_a_lo_macho.jpg","Chicha morada","Arroz blanco y yuca",
"210","2","Pescado a la Chorrillana","Pescado frito cubierto con salsa de cebolla, tomate y ají amarillo.","[""4 filetes de pescado"",""2 cebollas en pluma"",""3 tomates en gajos"",""2 ajíes amarillos en tiras"",""1/2 taza de vino blanco"",""2 cucharadas de sillao""]","[""Sazonar los filetes con sal, pimienta, ajo y limón"",""Pasarlos ligeramente por harina y freírlos en aceite caliente hasta dorar por ambos lados"",""Reservar el pescado en un plato tibio"",""En la misma sartén saltear la cebolla en pluma y el ají amarillo a fuego alto"",""Agregar el tomate en gajos y saltear sin deshacerlo"",""Verter el vino blanco y el sillao, y dejar reducir un par de minutos"",""Cubrir el pescado con esta salsa y servir con arroz blanco y papas doradas""]","40","facil","/assets/images/recetas/pescado_a_la_chorrillana.jpg","Chicha morada","Arroz blanco",
"211","2","Conchitas a la Parmesana","Conchas de abanico gratinadas con mantequilla, vino blanco y parmesano.","[""24 conchas de abanico en su concha"",""150 g de queso parmesano rallado"",""80 g de mantequilla"",""1/4 taza de vino blanco"",""2 limones"",""Pimienta al gusto""]","[""Limpiar las conchas de abanico dejándolas sobre su valva"",""Sazonarlas con unas gotas de limón, sal y pimienta"",""Colocar sobre cada una un trocito de mantequilla y unas gotas de vino blanco"",""Cubrir generosamente con queso parmesano rallado"",""Acomodarlas en una fuente para horno sobre una cama de sal gruesa para que no se volteen"",""Gratinar a 220 grados por 6 a 8 minutos hasta que el queso burbujee y dore"",""Servir de inmediato con rodajas de limón""]","25","facil","/assets/images/recetas/conchitas_a_la_parmesana.jpg","Limonada","Pan tostado",
"212","2","Pulpo al Olivo","Láminas de pulpo cocido bañadas en mayonesa de aceituna botija.","[""1 kg de pulpo cocido"",""150 g de aceitunas botija"",""1 taza de mayonesa"",""1 limón"",""2 cucharadas de aceite de oliva"",""Pimienta al gusto""]","[""Cocinar el pulpo en agua sin sal con una cebolla y un corcho hasta que esté tierno"",""Dejarlo enfriar dentro de su propia agua de cocción para que no se endurezca"",""Cortarlo en láminas delgadas y acomodarlas en el plato"",""Deshuesar las aceitunas botija y licuarlas con la mayonesa hasta lograr una crema morada"",""Ajustar con unas gotas de limón y pimienta, sin agregar sal porque la aceituna ya es salada"",""Bañar las láminas de pulpo con la salsa de aceituna"",""Terminar con un hilo de aceite de oliva y servir bien frío""]","60","media","/assets/images/recetas/pulpo_al_olivo.jpg","Limonada","Pan tostado",
"213","2","Leche de Tigre","El jugo concentrado del cebiche servido como entrada en vaso, con pescado y mariscos.","[""300 g de filete de pescado"",""200 g de mariscos cocidos"",""10 limones"",""1 ají limo"",""1 trozo de kion"",""Culantro fresco""]","[""Reservar los recortes de pescado y licuarlos con un poco de jugo de limón, kion, ajo y hielo"",""Colar la mezcla para obtener un líquido cremoso y sin fibras"",""Sazonar con sal, ají limo picado y culantro"",""Cortar el resto del pescado en cubos pequeños y mezclarlo con la leche de tigre"",""Agregar los mariscos cocidos y la cebolla en pluma"",""Servir en vaso bien frío con choclo desgranado y cancha encima"",""Acompañar con una rodaja de camote y consumir de inmediato""]","25","media","/assets/images/recetas/leche_de_tigre.jpg","Chicha morada","Cancha y choclo",
"214","2","Ceviche Mixto","Ceviche de pescado con mariscos surtidos, limón, cebolla y ají limo.","[""500 g de filete de pescado en cubos"",""300 g de mariscos surtidos"",""12 limones"",""2 cebollas rojas en pluma"",""1 ají limo picado"",""1 camote sancochado"",""1 choclo sancochado""]","[""Cortar el pescado en cubos parejos de unos 2 cm y mantenerlo bien frío"",""Blanquear los mariscos en agua hirviendo por un minuto y enfriarlos de inmediato"",""Cortar la cebolla en pluma fina y enjuagarla en agua con hielo para quitarle el picor"",""Sazonar el pescado con sal, ajo molido y ají limo picado"",""Exprimir los limones sin apretar la cáscara y verterlos sobre el pescado"",""Mezclar apenas unos segundos, agregar los mariscos y la cebolla"",""Servir de inmediato con camote, choclo, cancha y hojas de lechuga""]","30","media","/assets/images/recetas/ceviche_mixto.jpg","Chicha morada","Camote y choclo",
"215","2","Arroz con Conchas","Arroz cremoso teñido con el coral de las conchas de abanico.","[""3 tazas de arroz"",""600 g de conchas de abanico con coral"",""1/2 taza de vino blanco"",""2 cucharadas de ají amarillo molido"",""1 taza de arvejas"",""100 g de queso parmesano""]","[""Separar el coral de las conchas y licuarlo con un poco de caldo para dar color al arroz"",""Preparar un aderezo con cebolla, ajo y ají amarillo hasta que suelte su aceite"",""Agregar el coral licuado y cocinar dos minutos"",""Verter el vino blanco y dejar evaporar el alcohol"",""Añadir el arroz y el caldo de pescado caliente, y cocinar tapado a fuego bajo"",""Cuando el arroz esté casi listo, incorporar las conchas y las arvejas"",""Apagar el fuego, agregar queso parmesano y culantro picado, y dejar reposar 5 minutos""]","55","media","/assets/images/recetas/arroz_con_conchas.jpg","Chicha morada","Salsa criolla",
"216","2","Picante de Mariscos","Guiso cremoso de mariscos en salsa de ají panca y leche, servido con arroz.","[""700 g de mariscos surtidos"",""3 cucharadas de ají panca molido"",""2 cucharadas de ají amarillo molido"",""1 taza de leche evaporada"",""1/2 taza de vino blanco"",""4 rodajas de pan remojado""]","[""Limpiar y escurrir bien los mariscos para que no suelten demasiada agua"",""Preparar un aderezo con cebolla, ajo, ají panca y ají amarillo hasta que suelte aceite"",""Verter el vino blanco y dejar que evapore el alcohol"",""Licuar el pan remojado con leche y agregarlo al aderezo para espesar la salsa"",""Incorporar los mariscos y cocinarlos solo 4 minutos para que queden tiernos"",""Rectificar la sal y agregar culantro picado"",""Servir caliente sobre arroz blanco con papa sancochada al lado""]","45","media","/assets/images/recetas/picante_de_mariscos.jpg","Chicha morada","Arroz blanco",
"217","2","Trucha Frita","Trucha andina entera sazonada y frita, servida con papas y ensalada.","[""4 truchas limpias"",""1 taza de harina"",""4 dientes de ajo molidos"",""2 limones"",""Aceite para freír"",""4 papas sancochadas""]","[""Limpiar las truchas retirando vísceras y escamas, y hacerles dos cortes diagonales en cada lado"",""Sazonarlas por dentro y por fuera con ajo molido, sal, pimienta y limón"",""Dejar reposar 15 minutos para que tomen sabor"",""Pasarlas por harina sacudiendo el exceso"",""Freír en aceite caliente unos 5 minutos por lado hasta que la piel quede dorada y crocante"",""Escurrir sobre papel absorbente"",""Servir con papas sancochadas, arroz y ensalada fresca con limón""]","35","facil","/assets/images/recetas/trucha_frita.jpg","Chicha morada","Papas y ensalada",
"218","2","Chupe de Pescado","Sopa espesa de pescado con leche, papa, arroz y huevo escalfado.","[""600 g de filete de pescado en trozos"",""1/2 taza de arroz"",""3 papas en rodajas"",""1 taza de leche evaporada"",""4 huevos"",""100 g de queso fresco"",""2 cucharadas de ají panca molido""]","[""Preparar un fondo con las espinas y cabezas del pescado hervidas 20 minutos, luego colar"",""Hacer un aderezo con cebolla, ajo y ají panca hasta que suelte su aceite"",""Verter el fondo colado y dejar hervir"",""Agregar el arroz y cocinar 10 minutos"",""Incorporar las papas en rodajas y el choclo, cocinando hasta que ablanden"",""Añadir el pescado y cocinarlo apenas 4 minutos para que no se deshaga"",""Escalfar los huevos en la sopa, verter la leche y el queso, y servir de inmediato""]","55","media","/assets/images/recetas/chupe_de_pescado.jpg","Chicha morada",,
"219","2","Lentejas Guisadas","Menestra de lentejas cocidas con aderezo criollo, servida con arroz y bistec.","[""2 tazas de lentejas"",""1 cebolla picada fina"",""4 dientes de ajo molidos"",""2 cucharadas de ají panca molido"",""1 zanahoria en cubos"",""2 hojas de laurel""]","[""Remojar las lentejas por una hora para acortar la cocción"",""Cocinarlas en agua con laurel y sal hasta que estén tiernas pero enteras"",""Preparar aparte un aderezo con cebolla, ajo y ají panca hasta que suelte su aceite"",""Agregar la zanahoria en cubos pequeños y cocinar unos minutos"",""Incorporar el aderezo a las lentejas y mezclar bien"",""Cocinar 15 minutos más a fuego bajo para que espese sin secarse"",""Servir con arroz blanco, bistec apanado y salsa criolla""]","70","facil","/assets/images/recetas/lentejas_guisadas.jpg","Chicha morada","Arroz blanco y bistec",
"220","2","Frejol Panamito Guisado","Frejoles blancos cocidos en aderezo criollo hasta quedar cremosos.","[""2 tazas de frejol panamito"",""1 cebolla picada fina"",""4 dientes de ajo molidos"",""2 cucharadas de ají panca molido"",""100 g de tocino picado"",""2 hojas de laurel""]","[""Remojar los frejoles desde la noche anterior y descartar esa agua"",""Cocinarlos en agua nueva con laurel hasta que estén muy suaves"",""Freír el tocino picado hasta que suelte su grasa y quede dorado"",""En esa grasa preparar un aderezo con cebolla, ajo y ají panca"",""Agregar el aderezo a los frejoles y mezclar"",""Aplastar una parte de los frejoles con cuchara para que el guiso quede cremoso"",""Cocinar 20 minutos más a fuego bajo y servir con arroz y seco de res""]","100","facil","/assets/images/recetas/frejol_panamito_guisado.jpg","Chicha morada","Arroz blanco",
"221","2","Pallares Guisados","Pallares cremosos guisados con aderezo de ají panca y culantro.","[""2 tazas de pallares"",""1 cebolla picada fina"",""3 cucharadas de ají panca molido"",""4 dientes de ajo molidos"",""Culantro picado al gusto"",""2 hojas de laurel""]","[""Remojar los pallares toda la noche y cambiar el agua antes de cocinarlos"",""Hervirlos con laurel hasta que estén muy tiernos, sin dejar que se deshagan del todo"",""Preparar un aderezo con cebolla, ajo y ají panca hasta que esté bien cocido"",""Incorporar el aderezo a los pallares con parte de su agua de cocción"",""Aplastar una porción de pallares para espesar naturalmente el guiso"",""Sazonar con sal, pimienta y culantro picado"",""Servir con arroz blanco y carne guisada o pescado frito""]","95","facil","/assets/images/recetas/pallares_guisados.jpg","Chicha morada","Arroz blanco",
"222","2","Garbanzos Guisados","Garbanzos cocidos en aderezo criollo con tomate y trozos de cerdo.","[""2 tazas de garbanzos"",""300 g de carne de cerdo en cubos"",""2 tomates picados"",""1 cebolla picada"",""2 cucharadas de ají panca molido"",""1 zanahoria en cubos""]","[""Remojar los garbanzos desde la noche anterior para que ablanden bien"",""Cocinarlos en agua con sal hasta que estén tiernos y reservar su caldo"",""Dorar los cubos de cerdo en una olla hasta sellarlos por fuera"",""Agregar cebolla, ajo y ají panca, formando un aderezo brillante"",""Incorporar el tomate picado y cocinar hasta deshacerlo"",""Añadir los garbanzos con parte de su caldo y la zanahoria"",""Cocinar 25 minutos a fuego bajo hasta que espese y servir con arroz""]","100","facil","/assets/images/recetas/garbanzos_guisados.jpg","Chicha morada","Arroz blanco",
"223","2","Seco de Pollo","Presas de pollo guisadas en culantro licuado con arvejas y papa.","[""1 kg de presas de pollo"",""1 atado de culantro licuado"",""3 cucharadas de ají amarillo molido"",""1 taza de arvejas"",""3 papas en cubos"",""1 taza de chicha de jora""]","[""Sazonar las presas con sal, pimienta y comino, y dorarlas en aceite caliente"",""Retirar el pollo y en la misma olla hacer un aderezo con cebolla, ajo y ají amarillo"",""Agregar el culantro licuado y cocinar 5 minutos para que pierda el sabor crudo"",""Regresar las presas, verter la chicha de jora y tapar la olla"",""Cocinar a fuego bajo 30 minutos hasta que el pollo esté suave"",""Incorporar las arvejas y las papas en cubos, cocinando hasta que ablanden"",""Servir con arroz blanco, frejoles y salsa criolla""]","65","facil","/assets/images/recetas/seco_de_pollo.jpg","Chicha de jora","Arroz y frejoles",
"224","2","Seco de Cordero","Cordero tierno guisado lentamente en culantro y chicha hasta deshacerse.","[""1.2 kg de cordero en presas"",""1 atado grande de culantro licuado"",""2 tazas de chicha de jora"",""3 cucharadas de ají amarillo molido"",""1 taza de arvejas"",""1 cebolla picada""]","[""Sazonar el cordero con ajo, sal, pimienta y comino, y dejarlo reposar 30 minutos"",""Sellarlo en una olla con aceite muy caliente hasta que dore por todos lados"",""Retirar la carne y preparar un aderezo con cebolla, ajo y ají amarillo"",""Agregar el culantro licuado y cocinar hasta que el aderezo tome color verde oscuro"",""Regresar el cordero, verter la chicha de jora y tapar"",""Cocinar a fuego muy bajo entre hora y media y dos horas hasta que la carne se desprenda del hueso"",""Agregar las arvejas al final y servir con yuca, arroz y frejoles""]","130","media","/assets/images/recetas/seco_de_cordero.jpg","Chicha de jora","Yuca y frejoles",
"225","2","Cabrito a la Norteña","Cabrito norteño en salsa espesa de loche, culantro y chicha de jora.","[""1.5 kg de cabrito en presas"",""1 loche rallado"",""1 atado de culantro licuado"",""2 tazas de chicha de jora"",""3 cucharadas de ají amarillo molido"",""2 tazas de frejol cocido""]","[""Macerar el cabrito en chicha de jora con ajo y sal por al menos dos horas"",""Dorar las presas escurridas en aceite bien caliente y reservarlas"",""Preparar un aderezo con cebolla, ajo, ají amarillo y loche rallado"",""Agregar el culantro licuado y cocinar hasta integrar"",""Regresar la carne con la chicha de la maceración y cocinar tapado a fuego bajo"",""Dejar que se cocine una hora y media hasta que el cabrito esté muy suave"",""Servir con frejoles, arroz y yuca sancochada""]","135","media","/assets/images/recetas/cabrito_a_la_nortena.jpg","Chicha de jora","Frejoles y yuca",
"226","2","Espesado Chiclayano","Guiso norteño espeso de choclo rallado con carne de res y loche.","[""600 g de carne de res en trozos"",""6 choclos rallados"",""1 loche rallado"",""1 atado de culantro licuado"",""1 taza de yuca en trozos"",""3 cucharadas de ají amarillo molido""]","[""Cocinar la carne en agua con sal hasta que esté suave, reservando el caldo"",""Rallar los choclos tiernos hasta obtener una pasta espesa"",""Preparar un aderezo con cebolla, ajo, ají amarillo y loche rallado"",""Agregar el culantro licuado y luego el choclo rallado, removiendo constantemente"",""Verter el caldo de carne poco a poco para que no se formen grumos"",""Cocinar a fuego bajo removiendo hasta que espese como una crema"",""Agregar la yuca y la carne, y servir bien caliente con arroz""]","90","media","/assets/images/recetas/espesado_chiclayano.jpg","Chicha de jora","Arroz blanco",
"227","2","Arroz con Chancho","Arroz cocido con trozos de cerdo dorados, culantro y arvejas.","[""800 g de carne de cerdo en cubos"",""3 tazas de arroz"",""1 atado de culantro licuado"",""1 taza de arvejas"",""1 pimiento en cubos"",""3 cucharadas de ají amarillo molido""]","[""Sazonar el cerdo con ajo, comino, sal y pimienta"",""Dorarlo en una olla con su propia grasa hasta que quede crocante por fuera"",""Retirar la carne y en esa grasa preparar un aderezo con cebolla, ajo y ají amarillo"",""Agregar el culantro licuado y cocinar unos minutos"",""Regresar la carne, verter el caldo caliente y dejar hervir"",""Añadir el arroz, las arvejas y el pimiento, tapar y cocinar a fuego bajo 18 minutos"",""Dejar reposar 5 minutos y servir con salsa criolla""]","70","media","/assets/images/recetas/arroz_con_chancho.jpg","Chicha de jora","Salsa criolla",
"228","2","Seco de Chavelo","Plato piurano de plátano verde majado con cecina y aderezo criollo.","[""6 plátanos verdes"",""400 g de cecina de res"",""2 tomates picados"",""1 cebolla picada"",""2 cucharadas de ají panca molido"",""2 cucharadas de vinagre""]","[""Asar o sancochar los plátanos verdes hasta que estén tiernos"",""Majarlos en un batán o mortero hasta formar trozos gruesos, sin hacerlos puré"",""Freír la cecina cortada en tiras hasta que dore y reservarla"",""En esa misma grasa preparar un aderezo con cebolla, ajo y ají panca"",""Agregar el tomate picado y el vinagre, cocinando hasta formar una salsa"",""Incorporar el plátano majado y la cecina, mezclando bien"",""Servir caliente con una ensalada de cebolla y limón encima""]","60","media","/assets/images/recetas/seco_de_chavelo.jpg","Chicha de jora","Ensalada de cebolla",
"229","2","Majado de Yuca","Yuca sancochada y majada con aderezo, servida con chicharrón de cerdo.","[""1.5 kg de yuca"",""500 g de chicharrón de cerdo"",""1 cebolla picada"",""2 cucharadas de ají panca molido"",""4 dientes de ajo molidos"",""1 cebolla roja en pluma""]","[""Sancochar la yuca en agua con sal hasta que esté muy tierna y retirar la fibra central"",""Majarla con un mazo o tenedor mientras aún está caliente"",""Freír el cerdo en su propia grasa hasta obtener chicharrón dorado y crocante"",""En esa grasa hacer un aderezo con cebolla, ajo y ají panca"",""Mezclar el aderezo con la yuca majada hasta que tome color parejo"",""Preparar una ensalada de cebolla en pluma con limón, sal y culantro"",""Servir el majado con el chicharrón encima y la ensalada al costado""]","65","facil","/assets/images/recetas/majado_de_yuca.jpg","Chicha de jora","Chicharrón y salsa criolla",
"230","2","Shámbar","Sopa trujillana espesa de trigo con menestras variadas y carne de cerdo.","[""1 taza de trigo pelado"",""1 taza de menestras surtidas"",""400 g de carne de cerdo"",""200 g de jamón del país"",""1 cebolla picada"",""2 cucharadas de ají panca molido"",""Hierbabuena al gusto""]","[""Remojar el trigo y las menestras desde la noche anterior"",""Cocinar la carne de cerdo y el jamón en abundante agua hasta que estén suaves"",""Agregar el trigo remojado y cocinar una hora a fuego medio"",""Incorporar las menestras y seguir cocinando hasta que todo esté tierno"",""Preparar aparte un aderezo con cebolla, ajo y ají panca, y añadirlo a la olla"",""Dejar que la sopa espese removiendo de vez en cuando para que no se pegue"",""Servir con hierbabuena picada y cancha tostada encima""]","150","media","/assets/images/recetas/shambar.jpg","Chicha de jora","Cancha tostada",
"231","2","Patasca","Sopa andina de mote con carne y menudencias, cocida por horas.","[""2 tazas de mote pelado"",""700 g de carne de res con hueso"",""300 g de mondongo"",""1 cebolla picada"",""2 cucharadas de ají panca molido"",""Hierbabuena al gusto""]","[""Remojar el mote desde la noche anterior para acortar la cocción"",""Cocinar la carne con hueso y el mondongo en abundante agua por una hora"",""Agregar el mote remojado y seguir cocinando a fuego bajo"",""Preparar un aderezo con cebolla, ajo y ají panca y añadirlo a la olla"",""Continuar la cocción hasta que el mote reviente y la sopa espese, unas dos horas"",""Rectificar la sal y agregar hierbabuena picada"",""Servir bien caliente con ají y limón al gusto""]","180","media","/assets/images/recetas/patasca.jpg","Chicha de jora",,
"232","2","Chairo","Sopa altiplánica de chuño, carne y verduras, espesa y reconfortante.","[""1 taza de chuño negro remojado"",""600 g de carne de res con hueso"",""1 taza de habas frescas"",""2 papas en cubos"",""1 zanahoria en cubos"",""Hierbabuena al gusto""]","[""Remojar el chuño en agua toda la noche, luego pelarlo y machacarlo en trozos"",""Cocinar la carne con hueso en agua con sal hasta formar un caldo sustancioso"",""Agregar el chuño machacado y cocinar 30 minutos a fuego medio"",""Incorporar las habas, la zanahoria y el trigo si se usa"",""Preparar un aderezo con cebolla, ajo y ají panca, y verterlo a la sopa"",""Añadir las papas en cubos y cocinar hasta que estén tiernas"",""Terminar con hierbabuena picada y servir bien caliente""]","120","media","/assets/images/recetas/chairo.jpg","Mate de coca",,
"233","2","Guiso de Quinua","Quinua guisada con verduras y queso fresco, cremosa y nutritiva.","[""2 tazas de quinua lavada"",""1 cebolla picada fina"",""2 cucharadas de ají amarillo molido"",""1 zanahoria en cubos"",""150 g de queso fresco"",""1/2 taza de leche evaporada""]","[""Lavar la quinua frotándola varias veces para quitarle la saponina amarga"",""Cocinarla en agua con sal hasta que el germen se separe, unos 15 minutos"",""Preparar un aderezo con cebolla, ajo y ají amarillo hasta que suelte su aceite"",""Agregar la zanahoria y las arvejas en cubos pequeños"",""Incorporar la quinua cocida y mezclar bien"",""Verter la leche evaporada y el queso fresco desmenuzado, sin dejar que hierva"",""Servir cremoso con huevo frito encima o carne guisada al costado""]","45","facil","/assets/images/recetas/guiso_de_quinua.jpg","Chicha morada","Huevo frito",
"234","2","Quinua Atamalada","Quinua cocida al estilo tamal con aderezo amarillo y queso.","[""2 tazas de quinua"",""3 cucharadas de ají amarillo molido"",""1 cebolla picada fina"",""200 g de queso fresco"",""1 taza de leche evaporada"",""Huacatay al gusto""]","[""Lavar bien la quinua hasta que el agua salga clara"",""Cocinarla en agua con sal hasta que esté tierna y suelte su almidón"",""Preparar un aderezo abundante con cebolla, ajo y ají amarillo"",""Incorporar la quinua cocida al aderezo removiendo constantemente"",""Agregar leche evaporada y un poco de huacatay picado"",""Añadir el queso fresco en cubos y remover hasta que se derrita parcialmente"",""Servir en plato hondo, cremoso, con huevo duro o carne al costado""]","50","facil","/assets/images/recetas/quinua_atamalada.jpg","Chicha morada","Huevo duro",
"235","2","Trigo Atamalado","Trigo cocido cremoso con aderezo de ají y trozos de cerdo.","[""2 tazas de trigo pelado"",""400 g de carne de cerdo en cubos"",""3 cucharadas de ají amarillo molido"",""1 cebolla picada"",""150 g de queso fresco"",""1 taza de leche evaporada""]","[""Remojar el trigo desde la noche anterior y cocinarlo en agua con sal hasta que reviente"",""Dorar los cubos de cerdo en una olla hasta sellarlos"",""Preparar un aderezo con cebolla, ajo y ají amarillo en esa misma grasa"",""Incorporar el trigo cocido con parte de su agua de cocción"",""Cocinar removiendo hasta que la mezcla espese y quede cremosa"",""Agregar la leche evaporada y el queso fresco desmenuzado"",""Rectificar la sal y servir bien caliente""]","110","media","/assets/images/recetas/trigo_atamalado.jpg","Chicha morada",,
"236","2","Locro de Zapallo","Guiso cremoso de zapallo macre con choclo, papa y queso fresco.","[""1 kg de zapallo macre en cubos"",""2 papas en cubos"",""1 choclo desgranado"",""3 cucharadas de ají amarillo molido"",""150 g de queso fresco"",""1 taza de leche evaporada"",""Huacatay al gusto""]","[""Preparar un aderezo con cebolla, ajo y ají amarillo hasta que suelte su aceite"",""Agregar el zapallo en cubos y tapar la olla para que se cocine en su propio jugo"",""Cuando el zapallo empiece a deshacerse, aplastarlo parcialmente con cuchara"",""Incorporar la papa en cubos y el choclo desgranado"",""Agregar un poco de caldo si hace falta y cocinar hasta que la papa esté tierna"",""Verter la leche evaporada y el queso fresco en cubos, y apagar el fuego"",""Terminar con huacatay picado y servir con arroz blanco""]","50","facil","/assets/images/recetas/locro_de_zapallo.jpg","Chicha morada","Arroz blanco",
"237","2","Pepián de Choclo","Guiso espeso de choclo rallado con presas de pollo y ají panca.","[""6 choclos rallados"",""1 kg de presas de pollo"",""3 cucharadas de ají panca molido"",""1 cebolla picada"",""4 dientes de ajo molidos"",""1 cucharadita de palillo""]","[""Sazonar y dorar las presas de pollo en una olla con aceite caliente"",""Retirar el pollo y preparar un aderezo con cebolla, ajo, ají panca y palillo"",""Agregar el choclo rallado y remover constantemente para que no se pegue"",""Verter caldo de pollo poco a poco mientras se sigue removiendo"",""Regresar las presas de pollo a la olla y tapar"",""Cocinar a fuego bajo hasta que el choclo espese y el pollo esté tierno"",""Servir con arroz blanco y yuca sancochada""]","75","media","/assets/images/recetas/pepian_de_choclo.jpg","Chicha de jora","Arroz y yuca",
"238","2","Carne a la Olla","Trozo grande de res cocido lentamente con verduras en su propio jugo.","[""1.5 kg de carne de res en trozo"",""3 zanahorias en trozos"",""2 cebollas en cuartos"",""4 papas enteras"",""2 hojas de laurel"",""1 taza de vino tinto""]","[""Sazonar el trozo de carne con ajo molido, sal, pimienta y comino por todos lados"",""Sellarlo en una olla pesada con aceite muy caliente hasta dorarlo uniformemente"",""Agregar la cebolla en cuartos y la zanahoria alrededor de la carne"",""Verter el vino tinto y dejar evaporar el alcohol"",""Añadir laurel y un poco de caldo, tapar y cocinar a fuego muy bajo dos horas"",""Agregar las papas enteras en la última media hora de cocción"",""Cortar la carne en tajadas gruesas y servirla bañada con su propio jugo""]","150","media","/assets/images/recetas/carne_a_la_olla.jpg","Chicha morada","Papas y arroz",
"239","2","Pachamanca a la Olla","Versión casera de la pachamanca con carnes marinadas en huacatay y chincho.","[""500 g de carne de cerdo"",""500 g de presas de pollo"",""4 papas enteras"",""2 camotes"",""1 atado de huacatay"",""1 atado de chincho"",""2 tazas de habas""]","[""Licuar el huacatay, el chincho, el ají panca, el ajo y la chicha para formar la marinada"",""Marinar las carnes en esa mezcla durante al menos cuatro horas"",""Colocar en el fondo de una olla grande las hojas verdes sobrantes"",""Acomodar encima las carnes con toda su marinada"",""Cubrir con las papas, los camotes, las habas y el choclo"",""Tapar herméticamente y cocinar a fuego bajo una hora y media sin destapar"",""Servir todo junto en una fuente con salsa de huacatay al costado""]","135","dificil","/assets/images/recetas/pachamanca_a_la_olla.jpg","Chicha de jora","Salsa de huacatay",
"240","2","Patarashca","Pescado amazónico envuelto en hoja de bijao y asado a la brasa.","[""4 pescados de río limpios"",""Hojas de bijao"",""2 tomates en rodajas"",""1 cebolla en pluma"",""Sachaculantro al gusto"",""2 ajíes dulces""]","[""Limpiar el pescado y hacerle cortes diagonales en ambos lados"",""Sazonarlo con sal, pimienta, ajo y jugo de limón por dentro y por fuera"",""Rellenarlo con cebolla, tomate, ají dulce y sachaculantro picados"",""Pasar las hojas de bijao por calor para que se ablanden"",""Envolver cada pescado con las hojas formando un paquete cerrado y amarrarlo"",""Asar sobre brasas medianas unos 20 minutos, volteando a la mitad"",""Abrir el paquete en la mesa y servir con yuca sancochada y plátano asado""]","55","media","/assets/images/recetas/patarashca.jpg","Refresco de cocona","Yuca y plátano asado",
"241","2","Inchicapi","Sopa amazónica espesa de gallina con maní, maíz y sachaculantro.","[""1 kg de presas de gallina"",""1 taza de maní tostado molido"",""1 taza de harina de maíz"",""2 yucas en trozos"",""Sachaculantro al gusto"",""1 cucharadita de palillo""]","[""Cocinar las presas de gallina en abundante agua con sal, ajo y palillo"",""Cuando la gallina esté suave, retirarla y reservar el caldo"",""Licuar el maní tostado con la harina de maíz y un poco de caldo"",""Verter esa mezcla al caldo hirviendo removiendo constantemente para evitar grumos"",""Cocinar a fuego bajo hasta que la sopa espese como una crema"",""Agregar la yuca en trozos y cocinar hasta que esté tierna"",""Regresar las presas, añadir sachaculantro picado y servir bien caliente""]","90","media","/assets/images/recetas/inchicapi.jpg","Chapo",,
"242","2","Chicharrón Colorado","Cerdo cusqueño frito en su grasa con ají panca, servido con mote y papa.","[""1 kg de carne de cerdo en trozos"",""3 cucharadas de ají panca molido"",""2 tazas de mote cocido"",""4 papas sancochadas"",""4 dientes de ajo molidos"",""1 cucharadita de comino""]","[""Sazonar el cerdo con ajo molido, comino, sal y pimienta"",""Colocarlo en una olla con un poco de agua y cocinar tapado hasta que el agua se evapore"",""Dejar que la carne se fría en su propia grasa hasta dorarse"",""Agregar el ají panca molido y saltear para que impregne la carne de color rojizo"",""Cocinar unos minutos más cuidando que no se queme el ají"",""Sancochar aparte el mote y las papas"",""Servir el chicharrón con mote, papa y ensalada de cebolla con rocoto""]","80","media","/assets/images/recetas/chicharron_colorado.jpg","Chicha de jora","Mote y papa",
"243","2","Sopa de Morón","Sopa espesa de cebada morón con carne, verduras y papa.","[""1 taza de cebada morón"",""500 g de carne de res con hueso"",""2 papas en cubos"",""1 zanahoria en cubos"",""1 cebolla picada"",""Hierbabuena al gusto""]","[""Remojar la cebada morón por una hora para acortar la cocción"",""Cocinar la carne con hueso en abundante agua para formar un buen caldo"",""Agregar la cebada y cocinar a fuego medio unos 40 minutos"",""Preparar un aderezo con cebolla, ajo y ají panca, y verterlo en la olla"",""Incorporar la zanahoria y las papas en cubos"",""Cocinar hasta que todo esté tierno y la sopa haya espesado"",""Terminar con hierbabuena picada y servir bien caliente""]","90","facil","/assets/images/recetas/sopa_de_moron.jpg","Infusión de hierbas","Pan francés",
"244","2","Dieta de Pollo","Caldo claro y ligero de pollo con fideos, papa y verduras.","[""600 g de presas de pollo"",""150 g de fideos cabello de ángel"",""2 papas en trozos"",""1 zanahoria en rodajas"",""1 apio en trozos"",""1 poro en rodajas""]","[""Colocar las presas de pollo en agua fría con apio, poro y zanahoria"",""Llevar a hervor suave retirando la espuma que sube a la superficie"",""Cocinar 40 minutos a fuego bajo para obtener un caldo claro y limpio"",""Colar el caldo si se desea una sopa más transparente"",""Agregar las papas en trozos y cocinar hasta que estén tiernas"",""Añadir los fideos y cocinarlos apenas tres minutos"",""Servir con perejil picado y unas gotas de limón""]","60","facil","/assets/images/recetas/dieta_de_pollo.jpg","Infusión de hierbas","Pan francés",
"245","2","Pollo al Horno con Papas","Presas de pollo horneadas con papas doradas, ajo y romero.","[""1 pollo en presas"",""6 papas en cuartos"",""6 dientes de ajo molidos"",""2 cucharadas de sillao"",""1 cucharadita de romero"",""2 limones""]","[""Sazonar las presas con ajo molido, sillao, romero, sal, pimienta y limón"",""Dejar macerar al menos una hora en refrigeración para que tome sabor"",""Precalentar el horno a 200 grados"",""Acomodar las papas en cuartos en la base de la fuente con aceite y sal"",""Colocar las presas encima con la piel hacia arriba"",""Hornear 50 minutos rociando con el jugo de la fuente cada 15 minutos"",""Subir la temperatura los últimos 10 minutos para que la piel quede crocante""]","80","facil","/assets/images/recetas/pollo_al_horno_con_papas.jpg","Chicha morada","Ensalada fresca",
"246","2","Milanesa de Pollo","Filete de pollo empanizado y frito, crocante por fuera y jugoso por dentro.","[""4 filetes de pechuga de pollo"",""2 tazas de pan molido"",""2 huevos batidos"",""1 taza de harina"",""4 dientes de ajo molidos"",""Aceite para freír""]","[""Abrir las pechugas en mariposa y golpearlas hasta dejarlas delgadas"",""Sazonarlas con ajo molido, sal, pimienta y un poco de orégano"",""Pasar cada filete por harina, luego por huevo batido y finalmente por pan molido"",""Repetir el paso por huevo y pan si se quiere una costra más gruesa"",""Freír en aceite a fuego medio 3 minutos por lado hasta dorar parejo"",""Escurrir sobre papel absorbente"",""Servir con arroz, papas fritas, ensalada y limón""]","35","facil","/assets/images/recetas/milanesa_de_pollo.jpg","Limonada","Papas fritas y ensalada",
"247","2","Pollo Broaster","Pollo marinado y frito con costra crocante, servido con papas y cremas.","[""1 pollo en presas"",""2 tazas de harina"",""1 taza de leche"",""1 cucharadita de páprika"",""1 cucharadita de ajo en polvo"",""Aceite para freír""]","[""Marinar las presas en leche con ajo, sal y pimienta durante al menos dos horas"",""Mezclar la harina con páprika, ajo en polvo, orégano, sal y pimienta"",""Escurrir ligeramente las presas y pasarlas por la mezcla de harina presionando bien"",""Dejarlas reposar 10 minutos para que la costra se adhiera"",""Calentar abundante aceite a fuego medio, sin que humee"",""Freír las presas entre 12 y 15 minutos hasta que estén doradas y cocidas por dentro"",""Escurrir sobre rejilla y servir con papas fritas y cremas""]","60","media","/assets/images/recetas/pollo_broaster.jpg","Chicha morada","Papas fritas y cremas",
"248","2","Pepián de Pava","Guiso norteño de pava con arroz molido y ají, espeso y aromático.","[""1 kg de presas de pava"",""1 taza de arroz molido"",""3 cucharadas de ají amarillo molido"",""1 atado de culantro licuado"",""1 cebolla picada"",""1 cucharadita de palillo""]","[""Sazonar y dorar las presas de pava en una olla con aceite caliente"",""Retirar la carne y preparar un aderezo con cebolla, ajo, ají amarillo y palillo"",""Agregar el culantro licuado y cocinar unos minutos"",""Incorporar el arroz molido removiendo constantemente para que no se apelmace"",""Verter caldo caliente poco a poco hasta lograr una crema espesa"",""Regresar las presas y cocinar tapado hasta que la pava esté suave"",""Servir con arroz blanco y yuca sancochada""]","95","media","/assets/images/recetas/pepian_de_pava.jpg","Chicha de jora","Arroz y yuca",
"249","2","Pato en Ají","Presas de pato guisadas en salsa espesa de ají amarillo y panca.","[""1 pato en presas"",""4 cucharadas de ají amarillo molido"",""2 cucharadas de ají panca molido"",""1 cebolla picada"",""1 taza de chicha de jora"",""3 papas en cubos""]","[""Sazonar las presas de pato y dorarlas en su propia grasa hasta que la piel quede crocante"",""Retirar el pato y desechar parte del exceso de grasa"",""Preparar un aderezo con cebolla, ajo, ají amarillo y ají panca"",""Regresar el pato, verter la chicha de jora y tapar"",""Cocinar a fuego bajo 50 minutos hasta que la carne esté suave"",""Agregar las papas en cubos y cocinar hasta que ablanden"",""Rectificar la sal y servir con arroz blanco""]","100","media","/assets/images/recetas/pato_en_aji.jpg","Chicha de jora","Arroz blanco",
"250","2","Lechón al Horno","Pierna de cerdo marinada en ají panca y chicha, horneada hasta dorar.","[""2 kg de pierna de cerdo"",""4 cucharadas de ají panca molido"",""1 taza de chicha de jora"",""6 dientes de ajo molidos"",""1 cucharadita de comino"",""2 cucharaditas de orégano""]","[""Hacer cortes profundos en la pierna para que la marinada penetre"",""Mezclar ají panca, ajo, comino, orégano, sal, pimienta y chicha de jora"",""Embadurnar la carne con esa pasta y dejarla macerar toda la noche en frío"",""Precalentar el horno a 180 grados y colocar la pierna en una fuente con su jugo"",""Hornear tapada con papel aluminio durante dos horas"",""Destapar y hornear 40 minutos más rociando con el jugo para que dore"",""Dejar reposar 15 minutos antes de cortar y servir con camote y tamal""]","180","media","/assets/images/recetas/lechon_al_horno.jpg","Chicha de jora","Camote y salsa criolla",
"251","2","Chicharrón de Cerdo","Cerdo cocido en su propia grasa hasta quedar crocante, con camote y salsa criolla.","[""1 kg de panceta de cerdo en trozos"",""4 dientes de ajo molidos"",""1 cucharadita de comino"",""2 camotes en rodajas"",""1 cebolla roja en pluma"",""2 limones""]","[""Cortar la panceta en trozos medianos y sazonarlos con ajo, comino, sal y pimienta"",""Colocarlos en una olla con un poco de agua y cocinar tapado hasta que el agua se evapore"",""Destapar y dejar que la carne se fría en su propia grasa, sin moverla mucho"",""Voltear los trozos para que doren de manera pareja y queden crocantes"",""Freír las rodajas de camote en esa misma grasa hasta caramelizar"",""Preparar una salsa criolla con cebolla en pluma, limón, sal y culantro"",""Servir el chicharrón con camote, salsa criolla y pan francés""]","70","media","/assets/images/recetas/chicharron_de_cerdo.jpg","Chicha morada","Camote y salsa criolla",
"252","2","Chicharrón de Pollo","Trozos de pollo marinados y fritos con costra crocante de chuño.","[""800 g de pollo en trozos"",""1 taza de chuño"",""3 cucharadas de sillao"",""1 trozo de kion rallado"",""2 limones"",""Aceite para freír""]","[""Cortar el pollo en trozos con hueso o sin hueso, según preferencia"",""Marinar con sillao, kion rallado, ajo, limón, sal y pimienta por 30 minutos"",""Escurrir el exceso de marinada y pasar los trozos por chuño"",""Dejar reposar 5 minutos para que la costra se fije"",""Freír en abundante aceite caliente por tandas hasta que queden dorados"",""Escurrir sobre rejilla para que no pierdan la crocancia"",""Servir con salsa criolla, yuca frita y limón""]","45","facil","/assets/images/recetas/chicharron_de_pollo.jpg","Chicha morada","Yuca frita y salsa criolla",
"253","2","Estofado de Pollo","Pollo guisado en salsa de tomate con zanahoria, arvejas y pasas.","[""1 kg de presas de pollo"",""4 tomates licuados"",""2 zanahorias en rodajas"",""1 taza de arvejas"",""1/4 taza de pasas"",""1/2 taza de vino tinto""]","[""Sazonar y dorar las presas de pollo en una olla con aceite caliente"",""Retirar el pollo y preparar un aderezo con cebolla, ajo y ají panca"",""Agregar el tomate licuado y cocinar 15 minutos para quitarle la acidez"",""Verter el vino tinto y dejar evaporar el alcohol"",""Regresar el pollo con la zanahoria y cocinar tapado 25 minutos"",""Incorporar las arvejas, las pasas y las papas si se desea"",""Cocinar hasta que todo esté tierno y servir con arroz blanco""]","65","facil","/assets/images/recetas/estofado_de_pollo.jpg","Chicha morada","Arroz blanco",
"254","2","Ají de Langostinos","Langostinos en crema de ají amarillo con pan, leche y queso.","[""700 g de langostinos pelados"",""5 cucharadas de ají amarillo molido"",""6 rodajas de pan remojado en leche"",""1 taza de leche evaporada"",""100 g de queso fresco"",""1/2 taza de vino blanco""]","[""Limpiar los langostinos retirando la vena y reservar las cáscaras para un caldo rápido"",""Preparar un aderezo con cebolla, ajo y ají amarillo hasta que suelte su aceite"",""Verter el vino blanco y dejar evaporar el alcohol"",""Licuar el pan remojado con la leche y agregarlo al aderezo removiendo"",""Cocinar hasta que la crema espese y agregar el queso fresco"",""Incorporar los langostinos y cocinarlos solo 3 minutos para que queden tiernos"",""Servir sobre arroz blanco con papa sancochada y huevo duro""]","45","media","/assets/images/recetas/aji_de_langostinos.jpg","Chicha morada","Arroz blanco",
"255","2","Saltado de Langostinos","Langostinos salteados al wok con cebolla, tomate y sillao.","[""600 g de langostinos pelados"",""1 cebolla roja en pluma"",""2 tomates en gajos"",""3 cucharadas de sillao"",""1 copa de pisco"",""3 papas fritas en bastones""]","[""Limpiar los langostinos y secarlos bien para que sellen en lugar de hervir"",""Freír las papas en bastones hasta que estén doradas y reservarlas"",""Calentar el wok a fuego máximo con un poco de aceite"",""Saltear los langostinos apenas 2 minutos y retirarlos para que no se endurezcan"",""Saltear la cebolla y el ají amarillo a fuego vivo, luego agregar el tomate"",""Flamear con pisco, agregar el sillao y regresar los langostinos"",""Incorporar las papas fritas, mezclar y servir de inmediato con arroz""]","35","media","/assets/images/recetas/saltado_de_langostinos.jpg","Chicha morada","Arroz blanco",
"256","2","Sudado de Pescado a la Norteña","Pescado cocido al vapor en salsa de tomate, chicha y ají con cebolla.","[""4 filetes gruesos de pescado"",""3 tomates en gajos"",""2 cebollas en pluma"",""1 taza de chicha de jora"",""2 ajíes amarillos en tiras"",""Culantro al gusto""]","[""Sazonar los filetes con sal, pimienta, ajo y limón"",""Preparar un aderezo ligero con cebolla, ajo y ají panca en una olla amplia"",""Colocar una capa de cebolla en pluma y tomate en gajos sobre el aderezo"",""Acomodar los filetes encima sin superponerlos"",""Verter la chicha de jora y cubrir con el resto de cebolla y tomate"",""Tapar y cocinar a fuego medio 12 minutos sin remover, solo moviendo la olla"",""Terminar con culantro picado y servir con yuca y arroz""]","40","facil","/assets/images/recetas/sudado_de_pescado_a_la_nortena.jpg","Chicha de jora","Yuca y arroz",
"257","2","Corvina a la Plancha","Filete de corvina a la plancha con mantequilla, ajo y limón.","[""4 filetes de corvina"",""60 g de mantequilla"",""4 dientes de ajo picados"",""2 limones"",""Perejil fresco"",""Pimienta al gusto""]","[""Secar bien los filetes con papel para que sellen correctamente en la plancha"",""Sazonarlos con sal y pimienta justo antes de cocinarlos"",""Calentar la plancha o sartén hasta que esté muy caliente"",""Cocinar el pescado 3 minutos por el lado de la piel sin moverlo"",""Voltearlo y cocinar 2 minutos más, agregando la mantequilla y el ajo picado"",""Bañar el filete con la mantequilla derretida usando una cuchara"",""Terminar con jugo de limón y perejil, y servir con ensalada y papas""]","25","facil","/assets/images/recetas/corvina_a_la_plancha.jpg","Limonada","Ensalada y papas",
"258","2","Trucha a la Parrilla","Trucha andina abierta y asada a la parrilla con hierbas y limón.","[""4 truchas abiertas"",""4 dientes de ajo molidos"",""2 limones"",""2 cucharadas de aceite de oliva"",""Romero y tomillo"",""Pimienta al gusto""]","[""Abrir las truchas por el lomo dejándolas planas y retirar las espinas visibles"",""Sazonarlas con ajo molido, sal, pimienta, hierbas y aceite de oliva"",""Dejar reposar 20 minutos para que tomen sabor"",""Calentar la parrilla y engrasar la rejilla para que la piel no se pegue"",""Asar primero del lado de la piel durante 5 minutos"",""Voltear con cuidado y asar 3 minutos más hasta que la carne se vea opaca"",""Rociar con limón y servir con papas andinas y ensalada""]","35","facil","/assets/images/recetas/trucha_a_la_parrilla.jpg","Limonada","Papas andinas",
"259","2","Ceviche de Conchas Negras","Ceviche tumbesino de conchas negras con su jugo, limón y ají limo.","[""24 conchas negras con su jugo"",""10 limones"",""2 cebollas rojas en pluma"",""1 ají limo picado"",""Culantro fresco"",""1 camote sancochado""]","[""Abrir las conchas negras reservando todo su jugo oscuro, que es parte del sabor"",""Enjuagar ligeramente las conchas sin quitarles el jugo por completo"",""Cortar la cebolla en pluma fina y enjuagarla en agua fría"",""Mezclar las conchas con su jugo, el jugo de limón y sal"",""Agregar el ají limo picado y el culantro"",""Incorporar la cebolla justo antes de servir para que quede crocante"",""Servir bien frío con camote, yuca y cancha""]","25","media","/assets/images/recetas/ceviche_de_conchas_negras.jpg","Chicha morada","Camote y cancha",
"260","2","Ceviche de Pulpo","Pulpo cocido en cubos con limón, cebolla, ají y culantro.","[""800 g de pulpo cocido"",""10 limones"",""2 cebollas rojas en pluma"",""1 ají limo picado"",""Culantro fresco"",""1 choclo sancochado""]","[""Cocinar el pulpo en agua sin sal con una cebolla hasta que esté tierno"",""Enfriarlo en su propia agua de cocción para que no se endurezca"",""Cortarlo en rodajas o cubos medianos"",""Sazonar con sal, ajo molido y ají limo picado"",""Agregar el jugo de limón recién exprimido y mezclar"",""Incorporar la cebolla en pluma y el culantro picado"",""Servir bien frío con choclo, camote y cancha serrana""]","50","media","/assets/images/recetas/ceviche_de_pulpo.jpg","Chicha morada","Choclo y camote",
"261","2","Chicharrón de Calamar","Anillos de calamar apanados en chuño y fritos hasta quedar crocantes.","[""800 g de calamar en anillos"",""1 taza de chuño"",""4 limones"",""4 dientes de ajo molidos"",""Aceite para freír"",""1 cebolla roja en pluma""]","[""Limpiar el calamar y cortarlo en anillos parejos"",""Sazonarlos con ajo molido, sal, pimienta y unas gotas de limón"",""Escurrirlos muy bien para que la costra se adhiera y no salte el aceite"",""Pasarlos por chuño sacudiendo el exceso"",""Freír en aceite bien caliente solo 2 minutos, porque el calamar se endurece rápido"",""Escurrir sobre papel absorbente"",""Servir con salsa criolla, yuca frita y salsa tártara""]","30","media","/assets/images/recetas/chicharron_de_calamar.jpg","Chicha morada","Yuca frita y salsa criolla",
"262","2","Aguadito de Mariscos","Sopa de arroz verde con mariscos surtidos y culantro.","[""500 g de mariscos surtidos"",""1 taza de arroz"",""1 atado de culantro licuado"",""1 taza de arvejas"",""1 choclo desgranado"",""1/2 taza de vino blanco""]","[""Preparar un fondo de pescado con cabezas y espinas hervidas 20 minutos, luego colar"",""Hacer un aderezo con cebolla, ajo y ají amarillo"",""Agregar el culantro licuado y cocinar 3 minutos"",""Verter el vino blanco y dejar evaporar el alcohol"",""Añadir el fondo colado, el arroz, las arvejas y el choclo"",""Cuando el arroz esté casi cocido, incorporar los mariscos"",""Cocinar 4 minutos más y servir con limón y ají al gusto""]","50","media","/assets/images/recetas/aguadito_de_mariscos.jpg","Chicha morada",,
"263","2","Sopa de Choros","Caldo marino de choros con papa, arroz y culantro.","[""1 kg de choros frescos"",""1/2 taza de arroz"",""2 papas en cubos"",""1 cebolla picada"",""2 tomates picados"",""Culantro al gusto""]","[""Limpiar los choros raspando las conchas y retirando las barbas"",""Cocinarlos en una olla tapada con un poco de agua hasta que se abran"",""Retirar la carne de los choros y colar el líquido de cocción, que es el caldo base"",""Preparar un aderezo con cebolla, ajo y ají panca, y agregar el tomate"",""Verter el caldo colado y dejar hervir"",""Agregar el arroz y las papas, cocinando hasta que estén tiernos"",""Regresar la carne de los choros, añadir culantro y servir con limón""]","45","facil","/assets/images/recetas/sopa_de_choros.jpg","Chicha morada",,
"264","2","Tortilla de Raya","Tortilla norteña de raya seca desmenuzada con huevo y cebolla.","[""400 g de raya seca"",""6 huevos"",""1 cebolla picada fina"",""2 cucharadas de ají panca molido"",""4 dientes de ajo molidos"",""Culantro picado""]","[""Remojar la raya seca en agua durante varias horas cambiando el agua para desalarla"",""Sancocharla brevemente y desmenuzarla retirando los cartílagos"",""Preparar un aderezo con cebolla, ajo y ají panca"",""Agregar la raya desmenuzada y saltearla para que tome sabor"",""Batir los huevos y mezclarlos con la preparación ya fría"",""Verter en una sartén con aceite caliente y cocinar a fuego medio"",""Voltear con ayuda de un plato y dorar del otro lado, servir con arroz y zarza""]","50","media","/assets/images/recetas/tortilla_de_raya.jpg","Chicha de jora","Arroz y zarza criolla",
"265","2","Frito Trujillano","Cerdo frito norteño servido con mote, camote y salsa criolla.","[""1 kg de carne de cerdo en trozos"",""2 tazas de mote cocido"",""2 camotes en rodajas"",""4 dientes de ajo molidos"",""1 cucharadita de comino"",""1 cebolla roja en pluma""]","[""Sazonar el cerdo con ajo molido, comino, sal, pimienta y un poco de vinagre"",""Colocarlo en una olla con poca agua y cocinar tapado hasta que ablande"",""Destapar y dejar que la carne se fría en su propia grasa hasta dorar"",""Sancochar el mote hasta que reviente y esté tierno"",""Freír las rodajas de camote en la grasa del cerdo"",""Preparar una salsa criolla con cebolla en pluma, limón, sal y culantro"",""Servir el frito con mote, camote y la salsa criolla encima""]","85","media","/assets/images/recetas/frito_trujillano.jpg","Chicha de jora","Mote y camote",
"266","2","Arroz Árabe","Arroz con fideos dorados, pasas y almendras, guarnición muy usada en Perú.","[""3 tazas de arroz"",""1 taza de fideos cabello de ángel"",""1/2 taza de pasas"",""1/2 taza de almendras fileteadas"",""4 dientes de ajo molidos"",""4 cucharadas de mantequilla""]","[""Dorar los fideos partidos en mantequilla hasta que tomen color tostado"",""Retirar los fideos y en la misma olla freír el ajo molido"",""Agregar el arroz y saltearlo unos segundos para sellar el grano"",""Verter el caldo caliente y sal, y llevar a hervor"",""Incorporar los fideos dorados y las pasas"",""Tapar y cocinar a fuego muy bajo durante 18 minutos sin destapar"",""Soltar el arroz con tenedor y terminar con almendras fileteadas tostadas""]","40","facil","/assets/images/recetas/arroz_arabe.jpg","Chicha morada","Pollo o carne guisada",
"267","2","Tallarín a la Huancaína con Lomo","Pasta bañada en salsa huancaína cremosa con lomo saltado encima.","[""500 g de tallarín"",""400 g de lomo de res en tiras"",""4 ajíes amarillos"",""200 g de queso fresco"",""1 taza de leche evaporada"",""6 galletas de soda""]","[""Freír los ajíes amarillos despepitados con cebolla y ajo hasta que estén blandos"",""Licuar ese sofrito con el queso fresco, la leche y las galletas hasta obtener una crema"",""Cocinar el tallarín en agua con sal hasta que esté al dente"",""Calentar el wok a fuego alto y saltear el lomo en tiras con cebolla y tomate"",""Agregar sillao y vinagre al saltado y mezclar rápido"",""Mezclar la pasta con la salsa huancaína tibia hasta cubrirla por completo"",""Servir la pasta con el lomo saltado encima y papas fritas al costado""]","45","media","/assets/images/recetas/tallarin_a_la_huancaina_con_lomo.jpg","Chicha morada","Papas fritas",
"268","2","Causa de Atún","Masa de papa amarilla con ají y limón rellena de atún con mayonesa.","[""1 kg de papa amarilla"",""3 cucharadas de ají amarillo molido"",""4 limones"",""2 latas de atún"",""1 taza de mayonesa"",""1 palta""]","[""Sancochar las papas amarillas, pelarlas y prensarlas en caliente"",""Amasar la papa con ají amarillo, jugo de limón, aceite y sal hasta que quede suave"",""Mezclar el atún escurrido con mayonesa, cebolla picada y sal"",""Colocar una capa de masa de papa en un molde presionando ligeramente"",""Poner una capa del relleno de atún y otra de palta en láminas"",""Cubrir con otra capa de masa y alisar la superficie"",""Refrigerar una hora, desmoldar y decorar con mayonesa, huevo y aceituna""]","60","facil","/assets/images/recetas/causa_de_atun.jpg","Limonada","Hojas de lechuga",
"269","2","Arroz Chaufa de Pollo","Arroz salteado al wok con pollo, tortilla de huevo, sillao y cebolla china.","[""4 tazas de arroz cocido frío"",""500 g de pollo en cubos"",""4 huevos"",""5 cucharadas de sillao"",""5 tallos de cebolla china"",""1 cucharada de aceite de ajonjolí""]","[""Usar arroz cocido del día anterior y bien frío para que quede suelto"",""Batir los huevos y hacer una tortilla delgada, luego cortarla en tiras"",""Sazonar el pollo en cubos con sillao, kion y pimienta"",""Calentar el wok a fuego máximo y saltear el pollo hasta que dore"",""Agregar el arroz frío y saltearlo despegándolo con la espátula"",""Verter el sillao por el borde del wok para que se caramelice"",""Incorporar la tortilla en tiras, la cebolla china y el aceite de ajonjolí, y servir""]","30","facil","/assets/images/recetas/arroz_chaufa_de_pollo.jpg","Té de jazmín",,
"270","2","Tacu Tacu con Lomo","Tortilla de arroz y frejol dorada, coronada con lomo saltado.","[""3 tazas de frejol canario cocido"",""3 tazas de arroz cocido"",""400 g de lomo de res en tiras"",""1 cebolla roja en pluma"",""2 tomates en gajos"",""3 cucharadas de ají amarillo molido""]","[""Preparar un aderezo con cebolla, ajo y ají amarillo hasta que suelte su aceite"",""Aplastar los frejoles cocidos e incorporarlos al aderezo"",""Agregar el arroz cocido y mezclar hasta formar una masa homogénea"",""Calentar una sartén con aceite y verter una porción de la masa"",""Darle forma alargada y dorarla por ambos lados hasta que forme costra"",""Aparte, saltear el lomo en tiras al wok con cebolla, tomate y sillao"",""Servir el tacu tacu con el lomo saltado encima y huevo frito si se desea""]","50","media","/assets/images/recetas/tacu_tacu_con_lomo.jpg","Chicha morada","Salsa criolla",
"271","2","Ají de Fideos","Fideos bañados en crema de ají amarillo con queso, versión económica y sabrosa.","[""500 g de fideos"",""5 cucharadas de ají amarillo molido"",""6 rodajas de pan remojado en leche"",""200 g de queso fresco"",""1 taza de leche evaporada"",""1/2 taza de maní tostado molido""]","[""Cocinar los fideos en agua con sal hasta que estén al dente y escurrirlos"",""Preparar un aderezo con cebolla, ajo y ají amarillo hasta que suelte su aceite"",""Licuar el pan remojado con la leche y el maní tostado"",""Agregar esa mezcla al aderezo removiendo hasta que espese"",""Incorporar el queso fresco desmenuzado y dejar que se integre"",""Mezclar los fideos con la crema hasta cubrirlos por completo"",""Servir con papa sancochada, huevo duro y aceituna""]","40","facil","/assets/images/recetas/aji_de_fideos.jpg","Chicha morada","Papa y huevo duro",
"272","2","Chupe Verde","Sopa andina de papa con crema de huacatay, queso y huevo escalfado.","[""6 papas en cubos"",""1 atado de huacatay"",""1 atado de paico"",""200 g de queso fresco"",""1 taza de leche evaporada"",""4 huevos""]","[""Cocinar las papas en cubos en agua con sal hasta que estén tiernas"",""Licuar el huacatay y el paico con un poco de agua y colar la mezcla"",""Preparar un aderezo suave con cebolla y ajo"",""Verter el caldo de papas y la mezcla verde licuada"",""Cocinar unos minutos sin dejar que hierva fuerte para no perder el color"",""Escalfar los huevos dentro de la sopa"",""Agregar la leche y el queso fresco en cubos, y servir de inmediato""]","40","facil","/assets/images/recetas/chupe_verde.jpg","Mate de muña",,
"273","2","Escabeche de Pescado","Pescado frito marinado en vinagre con cebolla, ají amarillo y especias.","[""4 filetes de pescado"",""3 cebollas en pluma gruesa"",""3 ajíes amarillos en tiras"",""1/2 taza de vinagre tinto"",""1 cucharadita de orégano"",""2 huevos duros""]","[""Sazonar los filetes con sal, pimienta y ajo, pasarlos por harina y freírlos hasta dorar"",""Reservar el pescado frito en una fuente honda"",""En una sartén saltear la cebolla en pluma gruesa con ají amarillo a fuego alto"",""Agregar ají panca molido, orégano, comino, sal y pimienta"",""Verter el vinagre y dejar hervir un minuto para que pierda el filo"",""Cubrir el pescado con esta cebolla encurtida caliente"",""Dejar reposar al menos una hora y servir con camote, huevo duro y aceituna""]","50","media","/assets/images/recetas/escabeche_de_pescado.jpg","Chicha morada","Camote y aceituna",
"274","2","Ceviche de Champiñones","Versión vegetariana del cebiche con champiñones, limón y ají limo.","[""600 g de champiñones frescos"",""10 limones"",""2 cebollas rojas en pluma"",""1 ají limo picado"",""Culantro fresco"",""1 camote sancochado""]","[""Limpiar los champiñones con un paño húmedo y cortarlos en láminas gruesas"",""Blanquearlos en agua hirviendo por un minuto y enfriarlos de inmediato en agua con hielo"",""Escurrirlos muy bien para que no suelten agua en el cebiche"",""Sazonarlos con sal, ajo molido, kion rallado y ají limo picado"",""Agregar el jugo de limón recién exprimido y mezclar"",""Incorporar la cebolla en pluma y el culantro picado"",""Servir bien frío con camote, choclo y cancha""]","30","facil","/assets/images/recetas/ceviche_de_champinones.jpg","Chicha morada","Camote y choclo",
"275","2","Ají de Gallina Vegetariano","Versión sin carne del ají de gallina, con champiñones deshilachados.","[""600 g de champiñones en láminas"",""5 cucharadas de ají amarillo molido"",""6 rodajas de pan remojado en leche"",""1 taza de leche evaporada"",""1/2 taza de nueces"",""100 g de queso parmesano""]","[""Saltear los champiñones en láminas a fuego alto hasta que pierdan el agua y doren"",""Preparar un aderezo con cebolla, ajo y ají amarillo hasta que suelte su aceite"",""Licuar el pan remojado con la leche y las nueces hasta obtener una crema"",""Agregar esa crema al aderezo removiendo constantemente para que no se pegue"",""Incorporar los champiñones salteados y cocinar 10 minutos"",""Agregar el queso parmesano y rectificar la sal"",""Servir sobre arroz blanco con papa sancochada, huevo duro y aceituna""]","45","facil","/assets/images/recetas/aji_de_gallina_vegetariano.jpg","Chicha morada","Arroz blanco",
"276","2","Seco de Res con Frejoles","Carne de res guisada en culantro y chicha, acompañada de frejoles cremosos.","[""1 kg de carne de res en trozos"",""1 atado de culantro licuado"",""2 tazas de chicha de jora"",""3 cucharadas de ají amarillo molido"",""2 tazas de frejol canario cocido"",""1 taza de arvejas""]","[""Sazonar la carne con ajo, comino, sal y pimienta"",""Sellarla en una olla con aceite muy caliente hasta dorarla por todos lados"",""Retirar la carne y preparar un aderezo con cebolla, ajo y ají amarillo"",""Agregar el culantro licuado y cocinar hasta que tome color verde oscuro"",""Regresar la carne, verter la chicha de jora y cocinar tapado a fuego bajo"",""Dejar cocinar una hora y media hasta que la carne esté muy suave"",""Servir con frejoles guisados, arroz blanco y salsa criolla""]","120","media","/assets/images/recetas/seco_de_res_con_frejoles.jpg","Chicha de jora","Frejoles y arroz",
"277","2","Carne Guisada con Papas","Guiso casero de res con papas en salsa de tomate y ají panca.","[""800 g de carne de res en cubos"",""4 papas en cubos grandes"",""3 tomates licuados"",""1 cebolla picada"",""2 cucharadas de ají panca molido"",""2 hojas de laurel""]","[""Sellar la carne en cubos a fuego alto hasta dorarla por todos lados"",""Retirarla y preparar un aderezo con cebolla, ajo y ají panca"",""Agregar el tomate licuado y cocinar 15 minutos para quitar la acidez"",""Regresar la carne, añadir laurel y cubrir con caldo caliente"",""Cocinar tapado a fuego bajo hasta que la carne esté suave"",""Incorporar las papas en cubos grandes y cocinar hasta que ablanden"",""Dejar que la salsa espese y servir con arroz blanco""]","95","facil","/assets/images/recetas/carne_guisada_con_papas.jpg","Chicha morada","Arroz blanco",
"278","2","Asado de Res a la Olla","Trozo de res cocido lentamente en salsa espesa de cebolla y vino.","[""1.5 kg de asado de res"",""3 cebollas licuadas"",""1 taza de vino tinto"",""3 cucharadas de ají panca molido"",""2 zanahorias"",""2 hojas de laurel""]","[""Sazonar el trozo de carne con ajo, sal, pimienta y comino por todos lados"",""Sellarlo en una olla pesada con aceite muy caliente"",""Retirar la carne y freír la cebolla licuada hasta que reduzca y tome color"",""Agregar el ají panca y cocinar hasta que suelte su aceite"",""Regresar la carne, verter el vino tinto y el caldo, y añadir el laurel"",""Cocinar tapado a fuego muy bajo dos horas, volteando la carne a la mitad"",""Cortar en tajadas y servir bañado con la salsa espesa y puré de papas""]","150","media","/assets/images/recetas/asado_de_res_a_la_olla.jpg","Chicha morada","Puré de papas",
"279","2","Pollo a la Olla","Pollo entero cocido lento con verduras y hierbas en su propio jugo.","[""1 pollo entero"",""3 zanahorias en trozos"",""2 cebollas en cuartos"",""4 papas enteras"",""1 taza de vino blanco"",""2 ramitas de romero""]","[""Sazonar el pollo por dentro y por fuera con ajo molido, sal, pimienta y romero"",""Dorarlo en una olla pesada con aceite caliente por todos sus lados"",""Agregar la cebolla en cuartos y la zanahoria alrededor"",""Verter el vino blanco y dejar evaporar el alcohol"",""Tapar y cocinar a fuego muy bajo durante una hora"",""Agregar las papas enteras y cocinar 30 minutos más"",""Trinchar el pollo y servirlo con las verduras y su jugo de cocción""]","110","facil","/assets/images/recetas/pollo_a_la_olla.jpg","Chicha morada","Papas y verduras",
"280","2","Costillas de Cerdo al Horno","Costillar marinado en ají panca y miel, horneado hasta caramelizar.","[""1.5 kg de costillas de cerdo"",""3 cucharadas de ají panca molido"",""3 cucharadas de miel"",""3 cucharadas de sillao"",""6 dientes de ajo molidos"",""1 cucharadita de comino""]","[""Retirar la membrana del costillar por la parte posterior para que quede más tierno"",""Mezclar ají panca, miel, sillao, ajo, comino, sal y pimienta"",""Embadurnar las costillas y dejarlas marinar al menos cuatro horas"",""Hornear a 160 grados cubiertas con papel aluminio durante hora y media"",""Destapar y pincelar con la marinada restante"",""Subir a 210 grados y hornear 20 minutos más hasta que caramelicen"",""Dejar reposar 10 minutos antes de cortar entre los huesos y servir""]","140","media","/assets/images/recetas/costillas_de_cerdo_al_horno.jpg","Chicha morada","Papas al horno",
"281","2","Pastel de Papa","Capas de papa en rodajas horneadas con leche, queso y anís.","[""1.5 kg de papa blanca en rodajas"",""2 tazas de leche evaporada"",""250 g de queso fresco"",""3 huevos"",""1 cucharadita de anís"",""60 g de mantequilla""]","[""Pelar las papas y cortarlas en rodajas delgadas y parejas"",""Sancocharlas apenas 5 minutos para que empiecen a ablandar sin deshacerse"",""Batir la leche con los huevos, sal, pimienta y anís"",""Engrasar una fuente y colocar una capa de papas superpuestas"",""Cubrir con queso fresco y un poco de la mezcla de leche, y repetir las capas"",""Terminar con queso encima y trocitos de mantequilla"",""Hornear a 180 grados durante 45 minutos hasta que la superficie quede dorada""]","75","facil","/assets/images/recetas/pastel_de_papa.jpg","Chicha morada","Rocoto relleno",
"282","2","Budín de Verduras","Molde horneado de verduras con huevo y queso, ligero y casero.","[""2 zapallitos italianos rallados"",""2 zanahorias ralladas"",""1 taza de espinaca cocida"",""5 huevos"",""200 g de queso fresco"",""1 taza de leche evaporada""]","[""Rallar los zapallitos y la zanahoria, y exprimirlos para quitar el exceso de agua"",""Saltear las verduras con cebolla y ajo hasta que pierdan humedad"",""Picar la espinaca cocida y bien escurrida, e incorporarla"",""Batir los huevos con la leche, sal, pimienta y nuez moscada"",""Mezclar las verduras con el batido y el queso fresco en cubos"",""Verter en un molde engrasado y enharinado"",""Hornear a 180 grados por 40 minutos hasta que cuaje y dore la superficie""]","60","facil","/assets/images/recetas/budin_de_verduras.jpg","Limonada","Ensalada fresca",
"283","2","Locro de Pecho","Guiso espeso de zapallo con pecho de res, choclo y queso.","[""700 g de pecho de res"",""1 kg de zapallo macre en cubos"",""2 choclos desgranados"",""3 papas en cubos"",""150 g de queso fresco"",""3 cucharadas de ají amarillo molido""]","[""Cocinar el pecho de res en agua con sal hasta que esté suave, reservando el caldo"",""Preparar un aderezo con cebolla, ajo y ají amarillo hasta que suelte su aceite"",""Agregar el zapallo en cubos y tapar para que se cocine en su propio jugo"",""Cuando el zapallo se deshaga, aplastarlo parcialmente con una cuchara"",""Incorporar el caldo de carne, el choclo desgranado y las papas"",""Cocinar hasta que la papa esté tierna y el guiso espese"",""Agregar el queso fresco en cubos y la carne desmenuzada antes de servir""]","95","media","/assets/images/recetas/locro_de_pecho.jpg","Chicha morada","Arroz blanco",
"284","2","Sopa de Quinua","Sopa andina de quinua con verduras, papa y queso fresco.","[""1 taza de quinua lavada"",""2 papas en cubos"",""1 zanahoria en cubos"",""1 taza de habas frescas"",""150 g de queso fresco"",""1 cebolla picada""]","[""Lavar la quinua frotándola varias veces hasta que el agua salga clara"",""Preparar un aderezo suave con cebolla, ajo y un poco de ají panca"",""Agregar agua o caldo de verduras y llevar a hervor"",""Incorporar la quinua y cocinar 15 minutos"",""Añadir la zanahoria, las habas y las papas en cubos"",""Cocinar hasta que las verduras estén tiernas y la sopa haya espesado"",""Agregar el queso fresco en cubos y hierbabuena picada antes de servir""]","45","facil","/assets/images/recetas/sopa_de_quinua.jpg","Mate de muña",,
"285","2","Sopa de Habas","Caldo andino espeso de habas secas con papa y hierbabuena.","[""2 tazas de habas secas peladas"",""3 papas en cubos"",""1 cebolla picada"",""2 cucharadas de ají panca molido"",""Hierbabuena al gusto"",""150 g de queso fresco""]","[""Remojar las habas secas desde la noche anterior y escurrirlas"",""Cocinarlas en abundante agua con sal hasta que estén muy tiernas"",""Aplastar parte de las habas para que la sopa espese naturalmente"",""Preparar un aderezo con cebolla, ajo y ají panca"",""Incorporar el aderezo a la olla y mezclar bien"",""Agregar las papas en cubos y cocinar hasta que ablanden"",""Terminar con hierbabuena picada y queso fresco desmenuzado""]","85","facil","/assets/images/recetas/sopa_de_habas.jpg","Mate de muña",,
"286","2","Caldo de Mote","Caldo serrano de mote con carne de res y verduras.","[""2 tazas de mote pelado"",""600 g de carne de res con hueso"",""2 papas en trozos"",""1 zanahoria en rodajas"",""1 cebolla picada"",""Hierbabuena al gusto""]","[""Remojar el mote desde la noche anterior para acortar la cocción"",""Cocinar la carne con hueso en abundante agua para formar el caldo base"",""Retirar la espuma que sube a la superficie para que el caldo quede limpio"",""Agregar el mote y cocinar a fuego bajo hasta que reviente"",""Incorporar la zanahoria y luego las papas en trozos"",""Rectificar la sal y cocinar hasta que todo esté tierno"",""Servir con hierbabuena picada y ají al gusto""]","120","facil","/assets/images/recetas/caldo_de_mote.jpg","Mate de coca","Cancha tostada",
"287","2","Chupe de Quinua","Sopa cremosa de quinua con leche, queso y huevo escalfado.","[""1 taza de quinua lavada"",""3 papas en cubos"",""1 taza de leche evaporada"",""4 huevos"",""150 g de queso fresco"",""2 cucharadas de ají amarillo molido""]","[""Lavar bien la quinua hasta quitar toda la saponina"",""Preparar un aderezo con cebolla, ajo y ají amarillo"",""Agregar caldo o agua y llevar a hervor"",""Incorporar la quinua y cocinar 15 minutos removiendo de vez en cuando"",""Añadir las papas en cubos y cocinar hasta que estén tiernas"",""Escalfar los huevos dentro de la sopa con cuidado"",""Verter la leche y el queso en cubos, apagar el fuego y servir de inmediato""]","45","facil","/assets/images/recetas/chupe_de_quinua.jpg","Mate de muña",,
"288","2","Arroz con Mariscos al Ají","Arroz amarillo con mariscos, vino blanco y parmesano.","[""3 tazas de arroz"",""600 g de mariscos surtidos"",""4 cucharadas de ají amarillo molido"",""1/2 taza de vino blanco"",""1 taza de arvejas"",""100 g de queso parmesano""]","[""Preparar un fondo de pescado con cabezas y espinas, y colarlo"",""Hacer un aderezo con cebolla, ajo, ají amarillo y ají panca hasta que suelte aceite"",""Verter el vino blanco y dejar evaporar el alcohol"",""Agregar el arroz y saltearlo unos segundos para sellar el grano"",""Verter el fondo caliente, tapar y cocinar a fuego bajo 15 minutos"",""Incorporar los mariscos y las arvejas, y cocinar 5 minutos más"",""Apagar el fuego, agregar parmesano y culantro, y dejar reposar antes de servir""]","55","media","/assets/images/recetas/arroz_con_mariscos_al_aji.jpg","Chicha morada","Salsa criolla",
"289","2","Pescado Sudado a la Chiclayana","Pescado entero sudado con chicha, ají y abundante cebolla.","[""2 pescados enteros limpios"",""3 cebollas en pluma"",""3 tomates en gajos"",""1 taza de chicha de jora"",""3 ajíes amarillos en tiras"",""Culantro al gusto""]","[""Limpiar los pescados y hacerles cortes diagonales para que la cocción sea pareja"",""Sazonarlos con sal, pimienta, ajo y limón"",""Cubrir el fondo de una olla amplia con cebolla en pluma y tomate"",""Acomodar el pescado entero encima de esa cama de verduras"",""Agregar el ají amarillo en tiras y verter la chicha de jora"",""Tapar y cocinar a fuego medio 15 minutos sin destapar, moviendo solo la olla"",""Servir con abundante culantro picado, yuca sancochada y arroz""]","45","media","/assets/images/recetas/pescado_sudado_a_la_chiclayana.jpg","Chicha de jora","Yuca y arroz",
"290","2","Saltado de Vainitas","Vainitas salteadas al wok con carne, cebolla y sillao.","[""500 g de vainitas en trozos"",""400 g de carne de res en tiras"",""1 cebolla roja en pluma"",""2 tomates en gajos"",""3 cucharadas de sillao"",""2 cucharadas de vinagre tinto""]","[""Cortar las vainitas en trozos diagonales y blanquearlas 3 minutos en agua hirviendo"",""Enfriarlas en agua con hielo para que mantengan el color verde intenso"",""Calentar el wok a fuego máximo y sellar la carne en tiras por tandas"",""Retirar la carne y saltear la cebolla y el ají amarillo"",""Agregar las vainitas escurridas y saltear a fuego vivo"",""Regresar la carne, añadir el tomate, el sillao y el vinagre"",""Mezclar rápido y servir de inmediato con arroz blanco""]","35","facil","/assets/images/recetas/saltado_de_vainitas.jpg","Chicha morada","Arroz blanco",
"291","2","Pollo Enrollado","Pechuga de pollo rellena de jamón y queso, horneada en salsa.","[""4 pechugas de pollo abiertas"",""8 lonjas de jamón"",""200 g de queso edam"",""1 taza de crema de leche"",""1/2 taza de vino blanco"",""200 g de champiñones""]","[""Abrir las pechugas en mariposa y golpearlas hasta dejarlas delgadas y parejas"",""Sazonarlas con sal, pimienta y un poco de mostaza"",""Colocar el jamón y el queso encima, y enrollar apretando bien"",""Asegurar cada rollo con palillos o hilo de cocina"",""Sellarlos en una sartén caliente hasta dorar por todos lados"",""Agregar los champiñones, el vino blanco y la crema, y llevar al horno 25 minutos"",""Cortar en rodajas y servir bañado con la salsa y puré de papas""]","60","media","/assets/images/recetas/pollo_enrollado.jpg","Limonada","Puré de papas",
"292","2","Pastel de Choclo Salado","Molde horneado de choclo molido con relleno de carne y aceitunas.","[""8 choclos molidos"",""500 g de carne molida"",""1 cebolla picada fina"",""2 huevos duros picados"",""50 g de aceitunas picadas"",""1/2 taza de leche evaporada""]","[""Moler los choclos tiernos hasta obtener una pasta y cocinarla con leche y mantequilla"",""Remover constantemente a fuego bajo hasta que espese y se despegue de la olla"",""Preparar un aderezo con cebolla, ajo y ají panca, y dorar la carne molida"",""Agregar al relleno las aceitunas, el huevo duro y las pasas"",""Colocar la mitad de la masa de choclo en un molde engrasado"",""Poner el relleno y cubrir con el resto de la masa, alisando la superficie"",""Espolvorear azúcar encima y hornear a 180 grados por 35 minutos hasta dorar""]","80","media","/assets/images/recetas/pastel_de_choclo_salado.jpg","Chicha morada","Ensalada fresca",
"293","2","Lomo a lo Pobre","Lomo fino sellado con plátano frito, papas fritas y huevo.","[""4 medallones de lomo fino"",""2 plátanos maduros"",""4 papas en bastones"",""4 huevos"",""4 dientes de ajo molidos"",""40 g de mantequilla""]","[""Sacar el lomo del frío 20 minutos antes y sazonarlo con sal, pimienta y ajo"",""Freír las papas en bastones hasta que estén doradas y crocantes"",""Cortar los plátanos maduros en tiras y freírlos hasta caramelizar"",""Calentar una sartén hasta que esté muy caliente y sellar los medallones 3 minutos por lado"",""Agregar mantequilla al final y bañar la carne con ella"",""Freír los huevos dejando la yema líquida"",""Montar el plato con arroz, la carne, las papas, el plátano y el huevo encima""]","40","media","/assets/images/recetas/lomo_a_lo_pobre.jpg","Chicha morada","Arroz blanco",
"294","2","Arroz Chaufa Amazónico","Chaufa selvático con cecina, chorizo regional y plátano frito.","[""4 tazas de arroz cocido frío"",""300 g de cecina en tiras"",""200 g de chorizo regional"",""3 huevos"",""2 plátanos maduros fritos"",""4 cucharadas de sillao""]","[""Freír la cecina en tiras hasta que quede dorada y reservarla"",""Dorar el chorizo regional en la misma sartén para que suelte su grasa"",""Hacer una tortilla delgada con los huevos y cortarla en tiras"",""Calentar el wok a fuego máximo y saltear el arroz frío con la grasa del chorizo"",""Agregar la cecina, el chorizo y el sillao vertido por el borde del wok"",""Incorporar la tortilla en tiras y la cebolla china picada"",""Servir con plátano maduro frito al costado y ají charapita""]","40","facil","/assets/images/recetas/arroz_chaufa_amazonico.jpg","Refresco de cocona","Plátano frito",
"295","2","Timbuche","Caldo amazónico ligero de pescado fresco con huevo y sachaculantro.","[""600 g de pescado de río en trozos"",""2 huevos"",""1 plátano verde rallado"",""Sachaculantro al gusto"",""4 dientes de ajo molidos"",""1 cucharadita de palillo""]","[""Llevar a hervor agua con ajo, sal y palillo en una olla amplia"",""Agregar el plátano verde rallado para dar cuerpo al caldo"",""Incorporar los trozos de pescado y cocinar apenas 8 minutos"",""Batir los huevos y verterlos en hilo sobre el caldo hirviendo"",""Remover suavemente para que se formen hebras de huevo"",""Rectificar la sal y agregar abundante sachaculantro picado"",""Servir bien caliente con ají charapita y limón al gusto""]","35","facil","/assets/images/recetas/timbuche.jpg","Refresco de cocona",,
"296","2","Picante de Cuy","Cuy frito bañado en salsa espesa de ají panca y maní.","[""2 cuyes en presas"",""4 cucharadas de ají panca molido"",""1/2 taza de maní tostado molido"",""4 papas sancochadas"",""1 cebolla picada"",""4 dientes de ajo molidos""]","[""Sazonar las presas de cuy con ajo, comino, sal y pimienta"",""Freírlas en abundante aceite caliente hasta que estén doradas y crocantes"",""Retirar el cuy y en esa grasa preparar un aderezo con cebolla, ajo y ají panca"",""Agregar el maní tostado molido y un poco de caldo, removiendo hasta espesar"",""Cocinar la salsa a fuego bajo 15 minutos para que los sabores se integren"",""Incorporar las papas sancochadas en trozos a la salsa"",""Servir las presas de cuy bañadas con la salsa y acompañadas de arroz y mote""]","80","dificil","/assets/images/recetas/picante_de_cuy.jpg","Chicha de jora","Papa y mote",
"297","2","Chicharrón de Trucha","Trozos de trucha apanados en chuño y fritos, típicos de la sierra.","[""800 g de filete de trucha en trozos"",""1 taza de chuño"",""4 limones"",""4 dientes de ajo molidos"",""Aceite para freír"",""2 tazas de mote cocido""]","[""Cortar la trucha en trozos regulares retirando las espinas"",""Sazonarlos con ajo molido, sal, pimienta y unas gotas de limón"",""Dejar reposar 10 minutos sin que el limón alcance a cocinar el pescado"",""Pasar los trozos por chuño cubriéndolos de manera pareja"",""Freír en abundante aceite caliente 3 minutos hasta que queden dorados"",""Escurrir sobre papel absorbente"",""Servir con mote, papa sancochada, salsa criolla y limón""]","35","facil","/assets/images/recetas/chicharron_de_trucha.jpg","Chicha morada","Mote y salsa criolla",
"298","2","Puré de Pallares con Pescado","Crema suave de pallares servida con filete de pescado frito.","[""2 tazas de pallares cocidos"",""4 filetes de pescado"",""1 taza de leche evaporada"",""3 cucharadas de ají amarillo molido"",""60 g de mantequilla"",""1 cebolla picada""]","[""Cocinar los pallares remojados hasta que estén muy tiernos"",""Licuarlos o prensarlos con parte de su agua de cocción hasta obtener una crema"",""Preparar un aderezo con cebolla, ajo y ají amarillo"",""Incorporar el puré de pallares al aderezo removiendo constantemente"",""Agregar la leche y la mantequilla hasta lograr una textura suave"",""Freír los filetes de pescado sazonados y pasados por harina hasta dorar"",""Servir el puré como base con el pescado encima y salsa criolla""]","90","media","/assets/images/recetas/pure_de_pallares_con_pescado.jpg","Chicha morada","Salsa criolla",
"299","2","Estofado de Res","Res guisada en salsa de tomate y vino con papas y zanahoria.","[""900 g de carne de res en cubos"",""4 tomates licuados"",""1 taza de vino tinto"",""3 zanahorias en rodajas"",""4 papas en cubos"",""2 hojas de laurel""]","[""Sellar la carne en cubos a fuego alto hasta dorarla por todos lados"",""Retirarla y preparar un aderezo con cebolla, ajo y ají panca"",""Agregar el tomate licuado y cocinar hasta que pierda la acidez"",""Verter el vino tinto y dejar evaporar el alcohol"",""Regresar la carne con el laurel y cocinar tapado a fuego bajo una hora"",""Incorporar la zanahoria y luego las papas en cubos"",""Cocinar hasta que todo esté tierno y la salsa espese, y servir con arroz""]","100","facil","/assets/images/recetas/estofado_de_res.jpg","Chicha morada","Arroz blanco",
"300","2","Carapulcra con Sopa Seca","El clásico dúo chinchano de papa seca guisada junto a fideos rojos.","[""500 g de papa seca"",""600 g de carne de cerdo en cubos"",""1/2 taza de maní tostado molido"",""400 g de fideos tallarín"",""1 atado de albahaca"",""3 cucharadas de ají panca molido""]","[""Tostar la papa seca en una olla sin aceite hasta que aromatice, luego remojarla una hora"",""Dorar el cerdo en cubos y reservarlo"",""Preparar un aderezo con cebolla, ajo y ají panca hasta que suelte su aceite"",""Agregar la papa seca escurrida y caldo caliente, cocinando a fuego bajo"",""Incorporar el maní molido y el cerdo, y cocinar hasta que la papa esté suave"",""Para la sopa seca, hacer un aderezo con achiote, tomate y albahaca licuada"",""Cocinar los fideos en ese aderezo hasta que absorban el líquido y servir ambos juntos""]","110","dificil","/assets/images/recetas/carapulcra_con_sopa_seca.jpg","Chicha morada","Yuca sancochada",
"301","3","Quinua","Bebida caliente y nutritiva a base de quinua, canela y manzana.","[""1 taza de quinua (200 g)"",""2 litros de agua"",""1 rama de canela"",""2 clavos de olor"",""1 manzana, picada"",""1/2 taza de azúcar""]","[""Lavar bien la quinua en agua fría, frotándola con las manos hasta que el agua salga clara, para retirar la saponina"",""Colocar la quinua en una olla con abundante agua junto con la canela en rama y el clavo de olor"",""Cocer a fuego medio durante 20 minutos, revolviendo de vez en cuando, hasta que el grano reviente"",""Pelar y picar la manzana en cubos pequeños e incorporarla a la olla"",""Añadir azúcar al gusto y dejar hervir 5 minutos más para que se integren los sabores"",""Retirar la canela y el clavo, y licuar ligeramente si se prefiere una textura más suave"",""Servir bien caliente""]","25","facil","/assets/images/recetas/quinua.jpg",,"Pan con queso fresco",
"302","3","Avena","Refresco espeso y dulce de avena con canela, típico del desayuno peruano.","[""1 taza de avena"",""1 litro de agua"",""1 rama de canela"",""1 litro de leche"",""1/2 taza de azúcar""]","[""Colocar la avena en una olla con agua y la canela en rama"",""Cocer a fuego medio durante 15 minutos, revolviendo con frecuencia para que no se pegue en el fondo"",""Retirar la canela una vez que la avena esté suave y el líquido haya espesado ligeramente"",""Licuar la avena cocida junto con la leche hasta obtener una mezcla homogénea"",""Colar si se desea una textura más fina, o dejar tal cual para mayor cuerpo"",""Endulzar con azúcar al gusto y servir bien frío o caliente según preferencia""]","20","facil","/assets/images/recetas/avena.jpg",,"Pan con palta",
"303","3","Maca","Bebida energizante a base de maca en polvo, típica de la sierra peruana.","[""2 cucharadas de maca en polvo"",""1 litro de leche o agua"",""1 pizca de canela molida"",""Azúcar al gusto""]","[""Entibiar la leche o el agua en una olla pequeña sin dejar que hierva"",""Disolver la maca en polvo poco a poco en el líquido tibio, batiendo para evitar grumos"",""Añadir una pizca de canela molida para realzar el sabor"",""Endulzar con azúcar al gusto"",""Batir enérgicamente con una cuchara o con un molinillo hasta que quede espumosa"",""Servir caliente de inmediato""]","10","facil","/assets/images/recetas/maca.jpg",,,
"304","3","Emoliente","Infusión caliente de hierbas y cebada, bebida callejera tradicional.","[""1/2 taza de cebada"",""2 cucharadas de linaza"",""1 puñado de cola de caballo"",""2 litros de agua"",""2 limones"",""Miel al gusto""]","[""Lavar la cebada, la linaza y la cola de caballo en agua fría"",""Colocar todos los ingredientes en una olla grande con abundante agua"",""Hervir a fuego medio durante 25 minutos hasta que el agua tome un color amarillento y las semillas de linaza suelten su mucílago"",""Colar el líquido presionando bien las hierbas para extraer todo su sabor"",""Servir en un vaso o taza y añadir el jugo de limón y miel al gusto justo antes de tomar"",""Disfrutar caliente, revolviendo bien para integrar la miel""]","30","media","/assets/images/recetas/emoliente.jpg",,,
"305","3","Jugo de papaya","Jugo espeso y dulce de papaya fresca con leche.","[""300 g de papaya (1/2 papaya mediana)"",""2 tazas de leche"",""3 cucharadas de azúcar"",""1 taza de hielo""]","[""Pelar la papaya, retirar las pepas y cortar la pulpa en trozos medianos"",""Colocar los trozos de papaya en la licuadora junto con la leche"",""Añadir azúcar al gusto y unos cubos de hielo"",""Licuar hasta obtener una mezcla suave y homogénea, sin grumos"",""Probar y ajustar el dulzor si es necesario"",""Servir bien frío de inmediato""]","10","facil","/assets/images/recetas/jugo_de_papaya.jpg",,"Pan con palta",
"306","3","Jugo surtido","Combinado de frutas de estación licuadas, refrescante y nutritivo.","[""150 g de papaya"",""1 plátano"",""2 naranjas (jugo)"",""1 taza de leche""]","[""Pelar y trocear la papaya y el plátano"",""Exprimir la naranja para obtener su jugo, colando las semillas"",""Colocar las frutas troceadas en la licuadora junto con el jugo de naranja y la leche"",""Licuar a velocidad alta hasta integrar completamente todos los ingredientes"",""Colar si se desea una textura más ligera, o dejar espeso"",""Endulzar al gusto y servir frío de inmediato""]","10","facil","/assets/images/recetas/jugo_surtido.jpg",,,
"307","3","Leche con café","Café pasado con leche caliente, el desayuno más clásico del Perú.","[""4 cucharadas de café molido"",""2 tazas de agua caliente"",""1 litro de leche"",""Azúcar al gusto""]","[""Colocar el café molido en un filtro de tela o de papel"",""Verter agua caliente lentamente sobre el filtro, dejando que el café pasado gotee en una jarra hasta obtener un concentrado oscuro"",""Calentar la leche en una olla aparte, cuidando que no llegue a hervir"",""Verter una porción del concentrado de café en cada taza"",""Completar con la leche caliente en la proporción deseada"",""Endulzar con azúcar al gusto y remover antes de servir""]","10","facil","/assets/images/recetas/leche_con_cafe.jpg",,"Pan con mantequilla",
"308","3","Chocolate caliente","Chocolate de taza espeso y aromático con canela.","[""200 g de chocolate de taza"",""1 litro de leche"",""1 rama de canela"",""2 clavos de olor""]","[""Calentar la leche en una olla junto con la canela en rama y el clavo de olor"",""Cuando la leche esté caliente pero sin hervir, incorporar el chocolate de taza troceado"",""Revolver constantemente con una cuchara de madera hasta que el chocolate se disuelva por completo"",""Batir enérgicamente con un molinillo durante un par de minutos para generar espuma y homogeneizar"",""Retirar la canela y el clavo de olor"",""Servir bien caliente en tazas""]","15","facil","/assets/images/recetas/chocolate_caliente.jpg",,"Pan",
"309","3","Infusión de hierbas","Infusión suave de hierbas aromáticas como manzanilla, anís y hierbaluisa.","[""1 cucharadita de manzanilla"",""1 cucharadita de anís"",""1 cucharadita de hierbaluisa"",""1 litro de agua"",""Miel al gusto""]","[""Poner a hervir agua en una olla pequeña"",""Retirar del fuego apenas rompa el hervor y añadir la manzanilla, el anís y la hierbaluisa"",""Tapar la olla y dejar reposar entre 5 y 8 minutos para que las hierbas suelten su aroma"",""Colar la infusión y servir en una taza"",""Endulzar con miel al gusto y remover antes de beber""]","10","facil","/assets/images/recetas/infusion_de_hierbas.jpg",,,
"310","3","Chicha morada","Refresco de maíz morado hervido con piña, membrillo y especias.","[""500 g de maíz morado"",""1 piña con cáscara"",""2 membrillos"",""1 palito de canela"",""6 clavos de olor"",""6 limones"",""Azúcar al gusto""]","[""Lavar el maíz morado y colocarlo en una olla grande con 3 litros de agua"",""Agregar la cáscara de piña, el membrillo en trozos, la canela y el clavo"",""Hervir a fuego medio durante 45 minutos hasta que el agua tome color morado intenso"",""Colar el líquido y desechar el maíz y las cáscaras"",""Dejar enfriar por completo antes de endulzar"",""Agregar el azúcar y el jugo de limón al final, cuando ya está frío"",""Servir bien helado con cubos de piña y manzana picada""]","70","facil","/assets/images/recetas/chicha_morada.jpg",,"Almuerzos criollos",
"311","3","Chicha de jora","Bebida ancestral de maíz germinado fermentado, base de muchos guisos.","[""1 kg de jora (maíz germinado y seco)"",""200 g de cebada"",""5 litros de agua"",""1 taza de chancaca"",""1 palito de canela"",""4 clavos de olor""]","[""Tostar ligeramente la jora y la cebada en una olla seca hasta que aromaticen"",""Hervirlas en abundante agua durante dos horas a fuego bajo"",""Colar el líquido con un paño limpio y desechar el bagazo"",""Agregar la chancaca derretida, la canela y el clavo"",""Dejar enfriar por completo en un recipiente de barro o vidrio"",""Tapar con un paño y dejar fermentar de dos a cinco días según el clima"",""Probar a diario hasta alcanzar el punto deseado y servir en vaso o poto""]","180","dificil","/assets/images/recetas/chicha_de_jora.jpg",,"Seco de cabrito",
"312","3","Chicha de maní","Bebida cremosa de maní tostado con canela y leche.","[""2 tazas de maní tostado"",""2 litros de leche"",""1 taza de arroz remojado"",""1 palito de canela"",""1 taza de azúcar"",""4 clavos de olor""]","[""Tostar el maní en sartén y frotarlo en un paño para quitarle la piel"",""Remojar el arroz en agua durante una hora"",""Licuar el maní con el arroz remojado y un poco de agua hasta que quede fino"",""Colar la mezcla con un paño fino presionando para extraer todo el líquido"",""Llevar a fuego bajo con la leche, la canela y el clavo"",""Cocinar removiendo constantemente para que no se corte ni se pegue"",""Endulzar al gusto y servir caliente o bien frío""]","60","media","/assets/images/recetas/chicha_de_mani.jpg",,"Pan con mantequilla",
"313","3","Chicha blanca de trigo","Refresco refrescante de trigo hervido con piña y canela.","[""2 tazas de trigo"",""1 piña con cáscara"",""1 palito de canela"",""4 clavos de olor"",""1 taza de azúcar"",""4 limones""]","[""Lavar el trigo varias veces hasta que el agua salga limpia"",""Hervirlo en 3 litros de agua con la cáscara de piña, canela y clavo"",""Cocinar a fuego bajo durante una hora hasta que el trigo reviente"",""Colar el líquido con un colador fino"",""Dejar enfriar por completo antes de endulzar"",""Agregar azúcar y jugo de limón al gusto"",""Servir bien helado con hielo""]","80","facil","/assets/images/recetas/chicha_blanca_de_trigo.jpg",,,
"314","3","Chicha de guiñapo","Chicha arequipeña de maíz negro germinado, base del adobo.","[""1 kg de guiñapo (maíz negro germinado)"",""5 litros de agua"",""1 taza de chancaca"",""1 palito de canela"",""Clavos de olor al gusto"",""Cáscara de piña""]","[""Moler ligeramente el guiñapo para liberar sus almidones"",""Hervirlo en abundante agua durante dos horas removiendo de vez en cuando"",""Colar el líquido con un paño limpio, presionando el bagazo"",""Agregar la chancaca derretida y las especias"",""Enfriar por completo en un recipiente de barro"",""Tapar con un paño y dejar fermentar dos o tres días en lugar fresco"",""Colar de nuevo antes de servir en vaso alto""]","180","dificil","/assets/images/recetas/chicha_de_guinapo.jpg",,"Adobo arequipeño",
"315","3","Chicha de siete semillas","Bebida nutritiva hecha con siete granos tostados y molidos.","[""1/2 taza de cebada"",""1/2 taza de trigo"",""1/2 taza de quinua"",""1/2 taza de kiwicha"",""1/2 taza de linaza"",""1/2 taza de maní"",""1/2 taza de habas""]","[""Tostar cada grano por separado, porque cada uno tiene un punto distinto"",""Dejar enfriar y molerlos juntos hasta obtener una harina fina"",""Disolver la harina en agua fría removiendo bien para evitar grumos"",""Llevar a fuego medio removiendo constantemente hasta que hierva"",""Cocinar 20 minutos a fuego bajo para que pierda el sabor a crudo"",""Agregar canela, clavo y azúcar al gusto"",""Servir caliente en taza, tradicionalmente en el desayuno""]","70","media","/assets/images/recetas/chicha_de_siete_semillas.jpg",,"Pan francés",
"316","3","Refresco de cebada","Bebida de cebada tostada hervida con piña y limón, servida helada.","[""2 tazas de cebada tostada"",""3 litros de agua"",""Cáscara de 1 piña"",""1 palito de canela"",""1 taza de azúcar"",""4 limones""]","[""Tostar la cebada en una olla seca hasta que tome color dorado oscuro"",""Cuidar que no se queme, porque amarga toda la bebida"",""Agregar el agua, la cáscara de piña y la canela"",""Hervir 40 minutos a fuego medio"",""Colar el líquido y dejarlo enfriar"",""Endulzar con azúcar y agregar jugo de limón"",""Servir bien helado con hielo""]","55","facil","/assets/images/recetas/refresco_de_cebada.jpg",,"Menú del día",
"317","3","Refresco de linaza","Bebida gelatinosa de linaza con limón y piña, refrescante y digestiva.","[""1 taza de linaza"",""3 litros de agua"",""1 piña"",""6 limones"",""1 taza de azúcar"",""1 palito de canela""]","[""Enjuagar la linaza rápidamente bajo el chorro de agua"",""Hervirla en agua con la cáscara de piña y la canela durante 30 minutos"",""El agua tomará una textura ligeramente gelatinosa, que es lo característico"",""Colar el líquido presionando suavemente las semillas"",""Dejar enfriar por completo"",""Agregar el jugo de limón, la piña licuada y el azúcar"",""Servir bien helado""]","45","facil","/assets/images/recetas/refresco_de_linaza.jpg",,,
"318","3","Refresco de maíz morado con piña","Versión ligera de la chicha morada con más piña y menos azúcar.","[""300 g de maíz morado"",""1 piña entera"",""1 manzana"",""1 palito de canela"",""4 limones"",""Azúcar al gusto""]","[""Hervir el maíz morado con la cáscara de piña y la canela por 40 minutos"",""Colar el líquido y reservarlo"",""Licuar la pulpa de piña con un poco del líquido morado"",""Colar el licuado para quitar la fibra"",""Mezclar ambos líquidos y dejar enfriar"",""Endulzar ligeramente y agregar jugo de limón"",""Servir con cubos de manzana picada y hielo""]","55","facil","/assets/images/recetas/refresco_de_maiz_morado_con_pina.jpg",,,
"319","3","Frutillada","Bebida cusqueña de chicha de jora fermentada con fresas molidas.","[""2 litros de chicha de jora"",""1 kg de fresas"",""1 taza de azúcar"",""1 palito de canela"",""4 clavos de olor"",""Hielo al gusto""]","[""Lavar las fresas y molerlas en batán o licuarlas brevemente"",""Hervir las fresas molidas con azúcar, canela y clavo por 15 minutos"",""Dejar enfriar por completo la preparación de fresa"",""Mezclarla con la chicha de jora ya fermentada"",""Dejar reposar la mezcla un día para que los sabores se integren"",""Colar antes de servir si se prefiere sin pulpa"",""Servir en vaso grande, tradicionalmente en chicherías cusqueñas""]","45","media","/assets/images/recetas/frutillada.jpg",,"Chicharrón colorado",
"320","3","Api morado","Bebida andina caliente y espesa de maíz morado con canela y clavo.","[""2 tazas de harina de maíz morado"",""2 litros de agua"",""1 taza de azúcar"",""1 palito de canela"",""4 clavos de olor"",""Cáscara de naranja""]","[""Disolver la harina de maíz morado en agua fría removiendo muy bien"",""Colar la mezcla para asegurarse de que no queden grumos"",""Llevar a fuego medio con la canela, el clavo y la cáscara de naranja"",""Remover constantemente con cuchara de madera mientras espesa"",""Cocinar 20 minutos para que pierda el sabor a harina cruda"",""Endulzar con azúcar al gusto"",""Servir bien caliente en taza, tradicionalmente con buñuelo""]","40","facil","/assets/images/recetas/api_morado.jpg",,"Buñuelo",
"321","3","Api blanco","Versión clara del api, hecha con maíz blanco y leche.","[""2 tazas de harina de maíz blanco"",""1 litro de leche"",""1 litro de agua"",""1 taza de azúcar"",""1 palito de canela"",""1 cucharadita de vainilla""]","[""Disolver la harina de maíz blanco en agua fría hasta que no queden grumos"",""Colar la mezcla por precaución"",""Llevar a fuego medio con la canela removiendo sin parar"",""Cuando empiece a espesar, agregar la leche poco a poco"",""Seguir removiendo para que la leche no se corte"",""Cocinar 15 minutos más y endulzar al gusto"",""Agregar la vainilla al final y servir caliente""]","35","facil","/assets/images/recetas/api_blanco.jpg",,"Buñuelo",
"322","3","Chicha de quinua","Refresco de quinua cocida con manzana, piña y canela.","[""1 taza de quinua"",""3 litros de agua"",""2 manzanas"",""Cáscara de 1 piña"",""1 palito de canela"",""1 taza de azúcar""]","[""Lavar la quinua frotándola varias veces para quitar la saponina amarga"",""Hervirla en abundante agua con la canela y la cáscara de piña"",""Cocinar 30 minutos hasta que el grano reviente por completo"",""Agregar la manzana en trozos y cocinar 10 minutos más"",""Licuar todo y colar con un colador fino"",""Endulzar al gusto y dejar enfriar"",""Servir bien helado o tibio según la preferencia""]","60","facil","/assets/images/recetas/chicha_de_quinua.jpg",,,
"323","3","Refresco de kiwicha","Bebida nutritiva de kiwicha cocida con manzana y canela.","[""1 taza de kiwicha"",""2.5 litros de agua"",""2 manzanas"",""1 palito de canela"",""4 clavos de olor"",""1 taza de azúcar""]","[""Lavar la kiwicha con un colador muy fino porque el grano es diminuto"",""Hervirla en agua con la canela y el clavo durante 25 minutos"",""Agregar la manzana cortada en trozos con cáscara"",""Cocinar 10 minutos más hasta que la manzana esté blanda"",""Licuar todo y colar con un colador fino"",""Endulzar al gusto mientras aún está tibia"",""Servir caliente en la mañana o bien helada en días de calor""]","50","facil","/assets/images/recetas/refresco_de_kiwicha.jpg",,,
"324","3","Refresco de habas tostadas","Bebida andina de habas tostadas molidas con canela.","[""2 tazas de habas secas"",""2.5 litros de agua"",""1 palito de canela"",""4 clavos de olor"",""1 taza de azúcar"",""Cáscara de naranja""]","[""Tostar las habas secas en una olla hasta que tomen color dorado"",""Molerlas gruesamente en molino o licuadora"",""Hervirlas en agua con la canela, el clavo y la cáscara de naranja"",""Cocinar 40 minutos a fuego bajo removiendo de vez en cuando"",""Colar el líquido presionando el bagazo para extraer todo el sabor"",""Endulzar al gusto"",""Servir caliente en taza como desayuno andino""]","60","facil","/assets/images/recetas/refresco_de_habas_tostadas.jpg",,"Pan chuta",
"325","3","Emoliente con uña de gato","Emoliente reforzado con uña de gato, cola de caballo y llantén.","[""1/2 taza de cebada tostada"",""1/4 taza de linaza"",""1 puñado de uña de gato"",""1 puñado de cola de caballo"",""1 puñado de llantén"",""6 limones"",""Azúcar rubia al gusto""]","[""Tostar la cebada en olla seca hasta que dore sin quemarse"",""Hervirla en 3 litros de agua durante 20 minutos"",""Agregar la linaza y cocinar 15 minutos más para que suelte su mucílago"",""Añadir la uña de gato, la cola de caballo y el llantén"",""Apagar el fuego y dejar reposar tapado 10 minutos para que infusione"",""Colar el líquido y endulzar con azúcar rubia"",""Servir caliente con abundante jugo de limón exprimido al momento""]","50","facil","/assets/images/recetas/emoliente_con_una_de_gato.jpg",,"Pan con queso",
"326","3","Leche de soya","Bebida vegetal casera de soya remojada, molida y colada.","[""2 tazas de soya en grano"",""2 litros de agua"",""1 palito de canela"",""1 taza de azúcar"",""1 cucharadita de vainilla"",""Sal al gusto""]","[""Remojar la soya en abundante agua durante 12 horas"",""Escurrirla y frotarla entre las manos para retirar las cáscaras"",""Licuarla con agua limpia hasta obtener una mezcla blanca y espesa"",""Colar con un paño fino exprimiendo bien para extraer toda la leche"",""Hervir el líquido con la canela durante 20 minutos removiendo"",""Es importante hervirla bien para eliminar el sabor crudo de la soya"",""Endulzar, agregar vainilla y servir caliente o fría""]","60","media","/assets/images/recetas/leche_de_soya.jpg",,,
"327","3","Leche de almendras","Bebida vegetal suave de almendras remojadas y licuadas.","[""1 taza de almendras"",""1 litro de agua"",""3 dátiles o 2 cucharadas de miel"",""1 cucharadita de vainilla"",""1 pizca de canela"",""1 pizca de sal""]","[""Remojar las almendras en agua durante 8 horas o toda la noche"",""Escurrirlas y enjuagarlas con agua limpia"",""Licuarlas con el litro de agua a velocidad alta por dos minutos"",""Colar con una bolsa de tela o paño fino exprimiendo bien"",""Regresar la leche a la licuadora con los dátiles y la vainilla"",""Licuar de nuevo hasta integrar y agregar una pizca de sal y canela"",""Guardar refrigerada y consumir en tres días como máximo""]","25","facil","/assets/images/recetas/leche_de_almendras.jpg",,,
"328","3","Leche de ajonjolí","Bebida cremosa de ajonjolí tostado con canela y miel.","[""1 taza de ajonjolí"",""1 litro de agua"",""3 cucharadas de miel"",""1 palito de canela"",""1 cucharadita de vainilla"",""1 pizca de sal""]","[""Tostar ligeramente el ajonjolí en sartén removiendo constantemente"",""Retirarlo apenas empiece a dorar, porque se quema muy rápido"",""Remojarlo en agua tibia durante dos horas"",""Licuarlo con el agua a velocidad alta hasta que quede muy fino"",""Colar con un paño exprimiendo con fuerza"",""Calentar la leche con la canela sin dejar que hierva"",""Endulzar con miel, agregar vainilla y servir""]","30","facil","/assets/images/recetas/leche_de_ajonjoli.jpg",,,
"329","3","Masato de yuca","Bebida amazónica tradicional de yuca cocida y fermentada.","[""2 kg de yuca"",""2 litros de agua"",""1 taza de azúcar"",""1 camote morado rallado"",""Hojas de plátano"",""Sal al gusto""]","[""Pelar la yuca y sancocharla en agua con sal hasta que esté muy tierna"",""Retirar la fibra central de cada trozo"",""Machacar la yuca caliente en un batán hasta formar una masa fina"",""Agregar el camote morado rallado, que aporta los azúcares para la fermentación"",""Colocar la masa en un recipiente de barro cubierto con hojas de plátano"",""Dejar fermentar de dos a tres días en lugar fresco y oscuro"",""Diluir con agua, colar, endulzar al gusto y servir""]","120","dificil","/assets/images/recetas/masato_de_yuca.jpg",,"Juane",
"330","3","Chapo","Bebida amazónica dulce de plátano maduro cocido con leche.","[""6 plátanos maduros"",""2 litros de agua"",""1 taza de leche evaporada"",""1 palito de canela"",""1/2 taza de azúcar"",""4 clavos de olor""]","[""Pelar los plátanos maduros y cortarlos en trozos grandes"",""Hervirlos en agua con la canela y el clavo por 20 minutos"",""Aplastarlos dentro de la misma olla con un machacador"",""Licuar la mezcla con parte del agua de cocción"",""Colar para obtener una bebida suave sin fibras"",""Regresar al fuego, agregar la leche y el azúcar"",""Calentar sin dejar hervir y servir caliente en taza""]","40","facil","/assets/images/recetas/chapo.jpg",,"Tacacho",
"331","3","Aguajina","Refresco amazónico del fruto del aguaje, cremoso y anaranjado.","[""1 kg de aguaje maduro"",""2 litros de agua tibia"",""1 taza de azúcar"",""Hielo al gusto"",""1 limón"",""1 pizca de sal""]","[""Remojar los aguajes en agua tibia durante una hora para ablandar la cáscara"",""Retirar las escamas frotando cada fruto con las manos"",""Raspar la pulpa anaranjada que rodea la pepa"",""Licuar la pulpa con agua tibia sin romper las semillas"",""Colar con un colador fino para eliminar las fibras"",""Endulzar con azúcar y agregar unas gotas de limón"",""Servir bien helado con hielo""]","45","media","/assets/images/recetas/aguajina.jpg",,,
"332","3","Refresco de cocona","Bebida amazónica ácida y refrescante del fruto de cocona.","[""6 coconas maduras"",""2 litros de agua"",""1 taza de azúcar"",""Hielo al gusto"",""1 limón"",""Hojas de hierbabuena""]","[""Lavar las coconas y sumergirlas brevemente en agua hirviendo"",""Pelarlas con facilidad después de ese escaldado"",""Cortarlas en trozos retirando parte de las semillas"",""Licuarlas con agua fría por poco tiempo para no amargar"",""Colar con un colador fino"",""Endulzar al gusto y agregar unas gotas de limón"",""Servir bien helado con hojas de hierbabuena""]","20","facil","/assets/images/recetas/refresco_de_cocona.jpg",,"Tacacho con cecina",
"333","3","Refresco de camu camu","Bebida amazónica del fruto más rico en vitamina C del mundo.","[""500 g de camu camu"",""2 litros de agua"",""1 taza de azúcar"",""Hielo al gusto"",""1 cucharadita de ralladura de limón"",""Hojas de hierbabuena""]","[""Lavar los frutos de camu camu y retirarles las semillas"",""Licuar la pulpa con agua fría durante poco tiempo"",""No licuar en exceso para no romper las semillas restantes"",""Colar con un colador fino"",""Endulzar generosamente, porque el camu camu es muy ácido"",""Refrigerar al menos una hora antes de servir"",""Servir bien helado con hierbabuena y hielo""]","20","facil","/assets/images/recetas/refresco_de_camu_camu.jpg",,,
"334","3","Refresco de carambola","Bebida cítrica y ligera del fruto estrella, muy refrescante.","[""8 carambolas maduras"",""2 litros de agua"",""1 taza de azúcar"",""1 palito de canela"",""Hielo al gusto"",""2 limones""]","[""Lavar las carambolas y retirar los bordes oscuros de las aristas"",""Cortarlas en trozos reservando algunas rodajas para decorar"",""Licuarlas con agua fría brevemente"",""Colar con un colador fino para eliminar la fibra"",""Endulzar al gusto y agregar unas gotas de limón"",""Refrigerar al menos una hora"",""Servir helada con una rodaja de carambola en forma de estrella""]","20","facil","/assets/images/recetas/refresco_de_carambola.jpg",,,
"335","3","Refresco de tumbo","Bebida andina ácida del tumbo serrano, pariente del maracuyá.","[""8 tumbos maduros"",""2 litros de agua"",""1 taza de azúcar"",""Hielo al gusto"",""1 pizca de canela"",""Hojas de hierbabuena""]","[""Cortar los tumbos por la mitad y extraer la pulpa con las semillas"",""Licuar la pulpa con agua fría durante pocos segundos"",""Licuar poco para no triturar las semillas, que amargan la bebida"",""Colar con un colador fino presionando suavemente"",""Endulzar generosamente porque el tumbo es muy ácido"",""Refrigerar al menos una hora antes de servir"",""Servir bien helado con hierbabuena""]","20","facil","/assets/images/recetas/refresco_de_tumbo.jpg",,,
"336","3","Agua de cebada tostada","Infusión simple de cebada tostada, sin azúcar, digestiva.","[""1 taza de cebada"",""2 litros de agua"",""1 palito de canela"",""Cáscara de naranja"",""Miel al gusto"",""2 limones""]","[""Tostar la cebada en una olla seca a fuego medio removiendo constantemente"",""Retirarla cuando tome color café oscuro pero antes de que humee"",""Agregar el agua caliente con cuidado porque salpica"",""Hervir 25 minutos con la canela y la cáscara de naranja"",""Colar el líquido y probar el sabor"",""Endulzar con miel solo si se desea, o dejarla natural"",""Servir caliente en taza o fría con hielo y limón""]","40","facil","/assets/images/recetas/agua_de_cebada_tostada.jpg",,,
"337","3","Refresco de piña con cáscara","Bebida económica hecha hirviendo la cáscara de la piña con canela.","[""Cáscara de 2 piñas"",""3 litros de agua"",""1 palito de canela"",""6 clavos de olor"",""1 taza de azúcar"",""3 limones""]","[""Lavar muy bien las piñas antes de pelarlas, porque se usa la cáscara"",""Colocar las cáscaras en una olla con el agua, la canela y el clavo"",""Hervir 30 minutos hasta que el agua tome color y aroma"",""Colar el líquido y desechar las cáscaras"",""Dejar enfriar por completo antes de endulzar"",""Agregar azúcar y jugo de limón al gusto"",""Servir bien helado con hielo""]","45","facil","/assets/images/recetas/refresco_de_pina_con_cascara.jpg",,,
"338","3","Jugo de naranja","Jugo natural de naranja recién exprimido, sin colar.","[""10 naranjas de jugo"",""Azúcar al gusto"",""Hielo al gusto"",""1 pizca de sal"",""1 cucharadita de ralladura"",""Hojas de hierbabuena""]","[""Elegir naranjas pesadas para su tamaño, que son las más jugosas"",""Rodarlas sobre la mesa presionando con la palma para soltar el jugo"",""Cortarlas por la mitad y exprimirlas con exprimidor manual"",""No presionar demasiado la cáscara para que el jugo no amargue"",""Colar solo si se prefiere sin pulpa, aunque la pulpa aporta fibra"",""Endulzar apenas o dejarlo natural según lo dulce de la fruta"",""Servir de inmediato con hielo, porque pierde vitaminas al reposar""]","10","facil","/assets/images/recetas/jugo_de_naranja.jpg",,"Pan con palta",
"339","3","Jugo de piña","Jugo fresco de piña madura con un toque de hierbabuena.","[""1 piña madura"",""1 litro de agua fría"",""Azúcar al gusto"",""Hielo al gusto"",""Hojas de hierbabuena"",""1 limón""]","[""Elegir una piña que desprenda aroma dulce en la base"",""Pelarla retirando bien los ojos oscuros de la cáscara"",""Cortarla en cubos descartando el corazón fibroso del centro"",""Licuar los cubos con agua fría hasta que quede homogéneo"",""Colar si se prefiere una textura más ligera"",""Endulzar solo si hace falta y agregar unas gotas de limón"",""Servir bien helado con hojas de hierbabuena""]","15","facil","/assets/images/recetas/jugo_de_pina.jpg",,,
"340","3","Jugo de fresa","Jugo cremoso de fresas frescas con leche y azúcar.","[""500 g de fresas"",""1 litro de leche"",""1/2 taza de azúcar"",""Hielo al gusto"",""1 cucharadita de vainilla"",""1 limón""]","[""Lavar las fresas en agua con un chorrito de vinagre y enjuagarlas bien"",""Retirar las hojas verdes y cortar las más grandes por la mitad"",""Licuar las fresas con la leche fría"",""Agregar el azúcar poco a poco probando el dulzor"",""Añadir unas gotas de limón para realzar el sabor de la fruta"",""Licuar con hielo si se quiere más espeso y frío"",""Servir de inmediato antes de que se separe""]","12","facil","/assets/images/recetas/jugo_de_fresa.jpg",,,
"341","3","Jugo de plátano con leche","Batido espeso de plátano maduro con leche y canela.","[""4 plátanos maduros"",""1 litro de leche"",""1/3 taza de azúcar"",""1 cucharadita de canela"",""Hielo al gusto"",""1 cucharadita de vainilla""]","[""Elegir plátanos bien maduros, con manchas oscuras en la cáscara"",""Pelarlos y cortarlos en trozos"",""Licuarlos con la leche fría hasta que quede completamente cremoso"",""Agregar el azúcar, la vainilla y una pizca de canela"",""Licuar con hielo si se prefiere más frío y espeso"",""Probar y ajustar el dulzor según lo maduro del plátano"",""Servir de inmediato espolvoreado con canela""]","10","facil","/assets/images/recetas/jugo_de_platano_con_leche.jpg",,,
"342","3","Jugo de mango","Jugo espeso y dulce de mango maduro con agua y limón.","[""4 mangos maduros"",""1 litro de agua fría"",""Azúcar al gusto"",""Hielo al gusto"",""1 limón"",""1 pizca de sal""]","[""Elegir mangos que cedan ligeramente al presionarlos con el dedo"",""Pelarlos y separar la pulpa del hueso central"",""Cortar la pulpa en cubos"",""Licuarla con agua fría hasta obtener una mezcla homogénea"",""Colar si el mango tiene mucha fibra"",""Agregar unas gotas de limón y una pizca de sal para realzar el sabor"",""Servir bien helado con hielo""]","15","facil","/assets/images/recetas/jugo_de_mango.jpg",,,
"343","3","Jugo de maracuyá","Jugo ácido y aromático de maracuyá con agua y azúcar.","[""10 maracuyás"",""1.5 litros de agua"",""1 taza de azúcar"",""Hielo al gusto"",""Hojas de hierbabuena"",""1 pizca de sal""]","[""Cortar los maracuyás por la mitad y extraer la pulpa con una cuchara"",""Licuar la pulpa con agua fría solo unos segundos"",""Licuar poco tiempo para no triturar las semillas, que amargan"",""Colar con un colador fino presionando suavemente"",""Endulzar generosamente porque el maracuyá es muy ácido"",""Refrigerar al menos media hora"",""Servir bien helado con hierbabuena""]","15","facil","/assets/images/recetas/jugo_de_maracuya.jpg",,,
"344","3","Jugo de granadilla","Jugo suave de granadilla con agua fría, dulce y aromático.","[""8 granadillas"",""1 litro de agua fría"",""Azúcar al gusto"",""Hielo al gusto"",""1 limón"",""Hojas de hierbabuena""]","[""Romper la cáscara de las granadillas presionando con los dedos"",""Extraer la pulpa gelatinosa con las semillas"",""Licuar muy brevemente con agua fría, apenas unos segundos"",""Colar con un colador fino para separar las semillas"",""Endulzar ligeramente, porque la granadilla ya es dulce"",""Agregar unas gotas de limón para balancear"",""Servir bien helado""]","15","facil","/assets/images/recetas/jugo_de_granadilla.jpg",,,
"345","3","Jugo de tuna","Jugo refrescante del fruto del nopal, dulce y ligero.","[""10 tunas maduras"",""1 litro de agua"",""Azúcar al gusto"",""2 limones"",""Hielo al gusto"",""Hojas de hierbabuena""]","[""Manipular las tunas con guantes o papel para evitar las espinas finas"",""Pelarlas cortando los extremos y abriendo la cáscara a lo largo"",""Retirar la pulpa entera con una cuchara"",""Licuarla brevemente con agua fría sin triturar las semillas"",""Colar con un colador fino"",""Endulzar al gusto y agregar jugo de limón"",""Servir bien helado con hielo""]","20","facil","/assets/images/recetas/jugo_de_tuna.jpg",,,
"346","3","Jugo de sauco","Jugo andino de sauco, de color morado intenso y sabor ácido.","[""500 g de sauco"",""1.5 litros de agua"",""1 taza de azúcar"",""1 palito de canela"",""Hielo al gusto"",""1 limón""]","[""Lavar los racimos de sauco y separar las bayas de los tallos"",""Hervir las bayas en agua con la canela durante 15 minutos"",""Aplastarlas dentro de la olla para que suelten todo su color"",""Colar el líquido con un colador fino"",""Endulzar generosamente mientras está caliente"",""Dejar enfriar por completo y agregar jugo de limón"",""Servir bien helado con hielo""]","35","facil","/assets/images/recetas/jugo_de_sauco.jpg",,,
"347","3","Jugo de aguaymanto","Jugo andino del aguaymanto, agridulce y rico en vitamina C.","[""500 g de aguaymanto"",""1.5 litros de agua"",""1 taza de azúcar"",""Hielo al gusto"",""1 limón"",""Hojas de hierbabuena""]","[""Retirar las hojas secas que envuelven cada aguaymanto"",""Lavar bien los frutos, porque suelen quedar pegajosos"",""Licuarlos con agua fría hasta que queden completamente deshechos"",""Colar con un colador fino para eliminar las semillas pequeñas"",""Endulzar al gusto, recordando que el aguaymanto es bastante ácido"",""Agregar unas gotas de limón"",""Servir bien helado con hierbabuena""]","15","facil","/assets/images/recetas/jugo_de_aguaymanto.jpg",,,
"348","3","Jugo de guanábana","Jugo cremoso y perfumado de guanábana con leche.","[""1 guanábana madura"",""1 litro de leche"",""1/2 taza de azúcar"",""Hielo al gusto"",""1 cucharadita de vainilla"",""1 limón""]","[""Elegir una guanábana que ceda al tacto pero no esté pasada"",""Abrirla por la mitad y retirar la pulpa blanca con las manos"",""Separar pacientemente todas las semillas negras, que son tóxicas"",""Licuar la pulpa con la leche fría"",""Endulzar al gusto y agregar la vainilla"",""Agregar unas gotas de limón para evitar que se oxide"",""Servir de inmediato bien helado""]","25","media","/assets/images/recetas/jugo_de_guanabana.jpg",,,
"349","3","Jugo de lúcuma","Batido espeso de lúcuma con leche, dulce y muy peruano.","[""3 lúcumas maduras"",""1 litro de leche"",""1/2 taza de azúcar"",""Hielo al gusto"",""1 cucharadita de vainilla"",""1 pizca de canela""]","[""Elegir lúcumas de pulpa anaranjada intensa y textura harinosa"",""Pelarlas y retirar la pepa grande del centro"",""Cortar la pulpa en trozos"",""Licuarla con la leche fría hasta que quede completamente lisa"",""Agregar azúcar al gusto, aunque la lúcuma ya es dulce"",""Licuar con hielo para lograr una textura de milkshake"",""Servir de inmediato espolvoreado con canela""]","15","facil","/assets/images/recetas/jugo_de_lucuma.jpg",,,
"350","3","Jugo de chirimoya","Jugo cremoso de chirimoya con leche, suave y perfumado.","[""2 chirimoyas maduras"",""1 litro de leche"",""1/3 taza de azúcar"",""Hielo al gusto"",""1 cucharadita de vainilla"",""1 limón""]","[""Elegir chirimoyas que cedan suavemente al presionarlas"",""Abrirlas y retirar la pulpa blanca con una cuchara"",""Separar todas las semillas negras con paciencia"",""Licuar la pulpa con la leche fría por poco tiempo"",""Endulzar ligeramente porque la chirimoya ya es muy dulce"",""Agregar unas gotas de limón para que no se oxide"",""Servir de inmediato bien helado""]","20","facil","/assets/images/recetas/jugo_de_chirimoya.jpg",,,
"351","3","Jugo de melón","Jugo ligero y dulce de melón con agua y limón.","[""1 melón maduro"",""1 litro de agua fría"",""Azúcar al gusto"",""2 limones"",""Hielo al gusto"",""Hojas de hierbabuena""]","[""Elegir un melón que desprenda aroma dulce en el extremo del tallo"",""Partirlo por la mitad y retirar las semillas con una cuchara"",""Separar la pulpa de la cáscara y cortarla en cubos"",""Licuar la pulpa con agua fría"",""Endulzar solo si hace falta, porque el melón maduro es dulce"",""Agregar jugo de limón para dar frescura"",""Servir bien helado con hierbabuena""]","15","facil","/assets/images/recetas/jugo_de_melon.jpg",,,
"352","3","Jugo de sandía","Jugo muy refrescante de sandía con limón y hierbabuena.","[""1/2 sandía"",""2 limones"",""Azúcar al gusto"",""Hielo al gusto"",""Hojas de hierbabuena"",""1 pizca de sal""]","[""Cortar la sandía y separar la pulpa roja de la cáscara"",""Retirar la mayor cantidad posible de pepas"",""Cortar la pulpa en cubos"",""Licuarla sin agregar agua, porque la sandía ya tiene mucha"",""Colar si quedaron restos de pepas"",""Agregar jugo de limón y una pizca de sal para realzar el sabor"",""Servir bien helado con hierbabuena""]","15","facil","/assets/images/recetas/jugo_de_sandia.jpg",,,
"353","3","Jugo de papaya con leche","Batido cremoso de papaya con leche y un toque de vainilla.","[""1/2 papaya madura"",""1 litro de leche"",""1/3 taza de azúcar"",""Hielo al gusto"",""1 cucharadita de vainilla"",""1 limón""]","[""Elegir una papaya de cáscara amarilla y pulpa anaranjada"",""Partirla, retirar las semillas negras y separar la pulpa de la cáscara"",""Cortar la pulpa en cubos"",""Licuarla con la leche fría hasta que quede cremosa"",""Endulzar al gusto y agregar la vainilla"",""Agregar unas gotas de limón para equilibrar el dulzor"",""Servir de inmediato bien helado""]","12","facil","/assets/images/recetas/jugo_de_papaya_con_leche.jpg",,,
"354","3","Jugo de manzana","Jugo fresco de manzana con canela, servido bien frío.","[""6 manzanas"",""1 litro de agua fría"",""1 palito de canela"",""2 limones"",""Azúcar al gusto"",""Hielo al gusto""]","[""Lavar bien las manzanas y descorazonarlas sin pelarlas"",""Cortarlas en trozos y rociarlas de inmediato con limón"",""El limón evita que la pulpa se oxide y se ponga oscura"",""Licuar los trozos con agua fría"",""Colar con un colador fino para quitar la fibra"",""Endulzar solo si hace falta y agregar canela molida"",""Servir de inmediato bien helado""]","15","facil","/assets/images/recetas/jugo_de_manzana.jpg",,,
"355","3","Jugo de pera","Jugo suave de pera madura con limón y hielo.","[""6 peras maduras"",""1 litro de agua fría"",""2 limones"",""Azúcar al gusto"",""Hielo al gusto"",""1 pizca de canela""]","[""Elegir peras maduras que cedan al presionar cerca del tallo"",""Lavarlas, descorazonarlas y cortarlas en trozos con cáscara"",""Rociarlas con limón para evitar que se oxiden"",""Licuarlas con agua fría hasta que queden homogéneas"",""Colar para obtener una bebida más ligera"",""Endulzar apenas, porque la pera madura ya es dulce"",""Servir bien helado con una pizca de canela""]","15","facil","/assets/images/recetas/jugo_de_pera.jpg",,,
"356","3","Jugo de durazno","Jugo espeso de durazno con agua, canela y azúcar.","[""8 duraznos maduros"",""1.5 litros de agua"",""1 palito de canela"",""1 taza de azúcar"",""Hielo al gusto"",""1 limón""]","[""Escaldar los duraznos 30 segundos en agua hirviendo para pelarlos fácil"",""Pasarlos a agua fría y retirar la piel con los dedos"",""Deshuesarlos y cortar la pulpa en trozos"",""Cocinar los trozos brevemente con agua, canela y azúcar"",""Dejar enfriar y licuar todo junto"",""Colar si se prefiere una textura más fina"",""Servir bien helado con hielo""]","30","facil","/assets/images/recetas/jugo_de_durazno.jpg",,,
"357","3","Jugo de uva","Jugo natural de uva borgoña, intenso y dulce.","[""1 kg de uva borgoña"",""1 litro de agua"",""Azúcar al gusto"",""2 limones"",""Hielo al gusto"",""1 pizca de sal""]","[""Lavar bien los racimos y desgranar las uvas"",""Licuarlas con un poco de agua durante poco tiempo"",""Licuar brevemente para no romper las pepas, que amargan"",""Colar con un colador fino presionando suavemente"",""Agregar el resto del agua y ajustar la concentración"",""Endulzar solo si hace falta y agregar jugo de limón"",""Servir bien helado con hielo""]","20","facil","/assets/images/recetas/jugo_de_uva.jpg",,,
"358","3","Jugo de tamarindo","Refresco agridulce de pulpa de tamarindo con azúcar.","[""300 g de tamarindo"",""2 litros de agua"",""1 taza de azúcar"",""Hielo al gusto"",""1 pizca de sal"",""Hojas de hierbabuena""]","[""Pelar las vainas de tamarindo retirando la cáscara quebradiza"",""Remojar la pulpa en agua tibia durante una hora"",""Frotar la pulpa con las manos dentro del agua para desprenderla de las semillas"",""Colar el líquido con un colador fino presionando el bagazo"",""Agregar el resto del agua y endulzar generosamente"",""Probar y ajustar el equilibrio entre ácido y dulce"",""Servir bien helado con hielo""]","80","facil","/assets/images/recetas/jugo_de_tamarindo.jpg",,,
"359","3","Jugo de níspero","Jugo dulce y aromático de níspero con agua fría.","[""1 kg de nísperos maduros"",""1.5 litros de agua"",""Azúcar al gusto"",""2 limones"",""Hielo al gusto"",""1 pizca de canela""]","[""Lavar los nísperos y cortarlos por la mitad"",""Retirar las semillas grandes y brillantes del interior"",""Quitar la piel fina si se desea una textura más suave"",""Licuar la pulpa con agua fría"",""Colar con un colador fino para quitar la fibra"",""Endulzar al gusto y agregar jugo de limón"",""Servir bien helado con una pizca de canela""]","25","facil","/assets/images/recetas/jugo_de_nispero.jpg",,,
"360","3","Jugo de mora","Jugo andino de mora, de color intenso y sabor ácido.","[""600 g de moras"",""1.5 litros de agua"",""1 taza de azúcar"",""Hielo al gusto"",""1 limón"",""Hojas de hierbabuena""]","[""Lavar las moras con cuidado porque se deshacen con facilidad"",""Licuarlas con la mitad del agua durante poco tiempo"",""Colar con un colador fino para separar las semillas pequeñas"",""Agregar el resto del agua y mezclar"",""Endulzar generosamente porque la mora es bastante ácida"",""Agregar unas gotas de limón"",""Servir bien helado con hierbabuena""]","15","facil","/assets/images/recetas/jugo_de_mora.jpg",,,
"361","3","Jugo de mandarina","Jugo dulce de mandarina recién exprimida.","[""15 mandarinas"",""Azúcar al gusto"",""Hielo al gusto"",""1 pizca de sal"",""1 cucharadita de ralladura"",""Hojas de hierbabuena""]","[""Elegir mandarinas pesadas y de cáscara firme"",""Rodarlas sobre la mesa presionando para soltar el jugo"",""Cortarlas por la mitad y exprimirlas con exprimidor manual"",""No presionar la cáscara en exceso para que no amargue"",""Colar si se prefiere sin pulpa"",""Endulzar solo si las mandarinas están ácidas"",""Servir de inmediato con hielo""]","12","facil","/assets/images/recetas/jugo_de_mandarina.jpg",,,
"362","3","Jugo de toronja","Jugo cítrico y ligeramente amargo de toronja rosada.","[""6 toronjas"",""Azúcar o miel al gusto"",""Hielo al gusto"",""1 pizca de sal"",""Hojas de hierbabuena"",""1 limón""]","[""Elegir toronjas pesadas de cáscara lisa"",""Cortarlas por la mitad transversalmente"",""Exprimirlas con exprimidor sin presionar la parte blanca"",""La parte blanca de la cáscara es la que aporta el amargor"",""Colar el jugo para quitar los restos de pulpa gruesa"",""Endulzar con miel para suavizar el amargor natural"",""Servir bien helado con hierbabuena""]","12","facil","/assets/images/recetas/jugo_de_toronja.jpg",,,
"363","3","Jugo de membrillo","Refresco aromático de membrillo cocido con canela.","[""4 membrillos"",""2 litros de agua"",""1 taza de azúcar"",""1 palito de canela"",""4 clavos de olor"",""2 limones""]","[""Lavar los membrillos frotando la pelusa de la cáscara"",""Cortarlos en trozos sin pelarlos y retirar el corazón"",""Hervirlos en agua con la canela y el clavo durante 40 minutos"",""El membrillo crudo es muy áspero, por eso siempre se cocina"",""Licuar todo junto una vez cocido y tibio"",""Colar con un colador fino y endulzar al gusto"",""Servir frío con hielo y unas gotas de limón""]","60","facil","/assets/images/recetas/jugo_de_membrillo.jpg",,,
"364","3","Jugo de higo","Jugo dulce de higos maduros con leche y canela.","[""10 higos maduros"",""1 litro de leche"",""1/3 taza de azúcar"",""1 palito de canela"",""Hielo al gusto"",""1 cucharadita de vainilla""]","[""Lavar los higos y retirarles el tallo"",""Cortarlos en cuartos sin pelarlos, porque la piel aporta color"",""Licuarlos con la leche fría"",""Colar si se prefiere sin las semillas pequeñas"",""Endulzar apenas, porque el higo maduro es muy dulce"",""Agregar la vainilla y una pizca de canela"",""Servir bien helado""]","15","facil","/assets/images/recetas/jugo_de_higo.jpg",,,
"365","3","Jugo de pitahaya","Jugo suave de pitahaya con limón, de color llamativo.","[""3 pitahayas"",""1 litro de agua fría"",""Azúcar al gusto"",""2 limones"",""Hielo al gusto"",""Hojas de hierbabuena""]","[""Cortar las pitahayas por la mitad a lo largo"",""Extraer la pulpa con una cuchara separándola de la cáscara"",""Licuarla con agua fría durante poco tiempo"",""Licuar brevemente para no triturar las semillas negras"",""Colar solo si se prefiere sin semillas"",""Endulzar al gusto y agregar jugo de limón para dar acidez"",""Servir bien helado con hierbabuena""]","15","facil","/assets/images/recetas/jugo_de_pitahaya.jpg",,,
"366","3","Jugo de zanahoria","Extracto fresco de zanahoria con naranja y un toque de kion.","[""8 zanahorias"",""4 naranjas"",""1 trozo pequeño de kion"",""1 limón"",""Hielo al gusto"",""Miel al gusto""]","[""Lavar y pelar las zanahorias retirando los extremos"",""Cortarlas en trozos que quepan en el extractor"",""Pasar la zanahoria y el kion por el extractor de jugos"",""Exprimir las naranjas aparte"",""Mezclar ambos jugos y remover bien"",""Agregar unas gotas de limón para conservar el color"",""Servir de inmediato, porque el extracto se oxida rápido""]","15","facil","/assets/images/recetas/jugo_de_zanahoria.jpg",,,
"367","3","Jugo de betarraga","Extracto de betarraga con naranja y zanahoria, de color intenso.","[""2 betarragas"",""4 zanahorias"",""4 naranjas"",""1 trozo de kion"",""1 limón"",""Hielo al gusto""]","[""Pelar las betarragas con cuidado porque tiñen mucho las manos"",""Cortarlas en trozos junto con las zanahorias"",""Pasarlas por el extractor alternando ambos vegetales"",""Agregar el kion al extractor para dar un toque picante"",""Exprimir las naranjas y mezclar con el extracto"",""Agregar unas gotas de limón para equilibrar el sabor terroso"",""Servir de inmediato bien frío""]","15","facil","/assets/images/recetas/jugo_de_betarraga.jpg",,,
"368","3","Extracto de alfalfa","Jugo verde de alfalfa con piña y manzana, muy tradicional en Perú.","[""2 atados de alfalfa"",""1/2 piña"",""2 manzanas"",""2 limones"",""Miel al gusto"",""Hielo al gusto""]","[""Lavar la alfalfa hoja por hoja en agua con unas gotas de vinagre"",""Enjuagarla varias veces hasta que el agua salga limpia"",""Pasarla por el extractor junto con la manzana en trozos"",""Licuar la piña aparte y colarla"",""Mezclar el extracto verde con el jugo de piña"",""Endulzar con miel y agregar jugo de limón"",""Servir de inmediato, porque los jugos verdes se oxidan rápido""]","20","facil","/assets/images/recetas/extracto_de_alfalfa.jpg",,,
"369","3","Jugo verde","Mezcla de espinaca, apio, pepino, piña y manzana.","[""2 tazas de espinaca"",""2 tallos de apio"",""1 pepino"",""1/2 piña"",""1 manzana verde"",""2 limones""]","[""Lavar todas las verduras en agua con vinagre y enjuagarlas bien"",""Cortar el pepino y el apio en trozos sin pelarlos"",""Pelar la piña y cortarla en cubos"",""Licuar la espinaca con la piña primero, porque aporta líquido"",""Agregar el resto de ingredientes y licuar hasta que quede homogéneo"",""Colar si se prefiere una textura más ligera"",""Agregar jugo de limón y servir de inmediato""]","20","facil","/assets/images/recetas/jugo_verde.jpg",,,
"370","3","Jugo de apio con piña","Jugo digestivo de apio fresco con piña y limón.","[""4 tallos de apio"",""1/2 piña"",""1 litro de agua"",""2 limones"",""Miel al gusto"",""Hielo al gusto""]","[""Lavar bien los tallos de apio incluyendo las hojas tiernas"",""Cortarlos en trozos pequeños"",""Pelar la piña y cortarla en cubos, descartando el corazón"",""Licuar el apio con la piña y el agua"",""Colar con un colador fino para eliminar la fibra del apio"",""Endulzar con miel y agregar jugo de limón"",""Servir bien helado con hielo""]","15","facil","/assets/images/recetas/jugo_de_apio_con_pina.jpg",,,
"371","3","Jugo de pepino con limón","Bebida hidratante de pepino, limón y hierbabuena.","[""2 pepinos"",""1 litro de agua fría"",""4 limones"",""Hojas de hierbabuena"",""Miel al gusto"",""Hielo al gusto""]","[""Lavar los pepinos y cortarlos en trozos sin pelarlos"",""La cáscara aporta color verde y nutrientes a la bebida"",""Licuarlos con el agua fría y las hojas de hierbabuena"",""Colar con un colador fino para quitar la fibra"",""Agregar el jugo de limón recién exprimido"",""Endulzar ligeramente con miel si se desea"",""Servir muy frío con rodajas de pepino y hielo""]","15","facil","/assets/images/recetas/jugo_de_pepino_con_limon.jpg",,,
"372","3","Jugo de espinaca con manzana","Jugo verde suave de espinaca, manzana y limón.","[""3 tazas de espinaca"",""3 manzanas verdes"",""1 litro de agua"",""2 limones"",""Miel al gusto"",""Hielo al gusto""]","[""Lavar la espinaca hoja por hoja y escurrirla bien"",""Descorazonar las manzanas y cortarlas en trozos con cáscara"",""Rociar la manzana con limón para que no se oxide"",""Licuar la espinaca con la manzana y el agua"",""Colar con un colador fino si se prefiere sin fibra"",""Endulzar con miel y agregar más limón al gusto"",""Servir de inmediato bien helado""]","15","facil","/assets/images/recetas/jugo_de_espinaca_con_manzana.jpg",,,
"373","3","Jugo de zanahoria con naranja y kion","Combinación energética de zanahoria, naranja y jengibre fresco.","[""6 zanahorias"",""6 naranjas"",""1 trozo grande de kion"",""1 cucharadita de cúrcuma"",""Miel al gusto"",""Hielo al gusto""]","[""Pelar las zanahorias y cortarlas en bastones"",""Pelar el kion y cortarlo en rodajas delgadas"",""Pasar la zanahoria y el kion por el extractor"",""Exprimir las naranjas por separado"",""Mezclar ambos jugos y agregar la cúrcuma en polvo"",""Endulzar con miel si se desea"",""Servir de inmediato en vaso con hielo""]","15","facil","/assets/images/recetas/jugo_de_zanahoria_con_naranja_y_kion.jpg",,,
"374","3","Batido de lúcuma","Batido espeso de lúcuma con leche, hielo y vainilla.","[""3 lúcumas maduras"",""2 tazas de leche"",""1/3 taza de azúcar"",""2 tazas de hielo"",""1 cucharadita de vainilla"",""1 pizca de canela""]","[""Pelar las lúcumas y retirar la pepa central"",""Cortar la pulpa en trozos pequeños"",""Colocar la pulpa, la leche y el azúcar en la licuadora"",""Licuar hasta que la mezcla quede completamente lisa"",""Agregar el hielo y licuar de nuevo a velocidad alta"",""Ajustar el dulzor y agregar la vainilla"",""Servir de inmediato en vaso alto con canela espolvoreada""]","12","facil","/assets/images/recetas/batido_de_lucuma.jpg",,,
"375","3","Batido de fresa con leche","Milkshake cremoso de fresas frescas con leche y hielo.","[""500 g de fresas"",""2 tazas de leche"",""1/2 taza de azúcar"",""2 tazas de hielo"",""1 cucharadita de vainilla"",""1 limón""]","[""Lavar las fresas y retirarles las hojas verdes"",""Reservar algunas fresas para decorar"",""Licuar el resto con la leche y el azúcar"",""Agregar el hielo y licuar a velocidad alta hasta que espese"",""Probar y ajustar el dulzor"",""Agregar unas gotas de limón para realzar el sabor de la fruta"",""Servir en vaso alto decorado con una fresa""]","12","facil","/assets/images/recetas/batido_de_fresa_con_leche.jpg",,,
"376","3","Batido de plátano con avena","Batido nutritivo de plátano, avena y leche para empezar el día.","[""3 plátanos maduros"",""1/2 taza de avena en hojuelas"",""2 tazas de leche"",""2 cucharadas de miel"",""1 cucharadita de canela"",""Hielo al gusto""]","[""Remojar la avena en un poco de leche durante 10 minutos"",""El remojo ablanda la hojuela y hace el batido más cremoso"",""Pelar los plátanos maduros y cortarlos en trozos"",""Licuar el plátano con la avena remojada y el resto de la leche"",""Agregar la miel y la canela"",""Licuar con hielo hasta lograr la textura deseada"",""Servir de inmediato espolvoreado con canela""]","15","facil","/assets/images/recetas/batido_de_platano_con_avena.jpg",,,
"377","3","Batido de mango con yogurt","Smoothie cremoso de mango, yogurt natural y miel.","[""3 mangos maduros"",""2 tazas de yogurt natural"",""3 cucharadas de miel"",""2 tazas de hielo"",""1 limón"",""1 cucharada de semillas de chía""]","[""Pelar los mangos y separar la pulpa del hueso"",""Cortar la pulpa en cubos y congelarla si se quiere más espeso"",""Licuar el mango con el yogurt natural"",""Agregar la miel y licuar hasta integrar"",""Añadir el hielo y licuar a velocidad alta"",""Agregar unas gotas de limón para equilibrar el dulzor"",""Servir en vaso alto con semillas de chía encima""]","12","facil","/assets/images/recetas/batido_de_mango_con_yogurt.jpg",,,
"378","3","Batido de chirimoya","Batido cremoso de chirimoya con leche y hielo.","[""2 chirimoyas maduras"",""2 tazas de leche"",""1/4 taza de azúcar"",""2 tazas de hielo"",""1 cucharadita de vainilla"",""1 limón""]","[""Abrir las chirimoyas y retirar la pulpa con una cuchara"",""Separar con paciencia todas las semillas negras"",""Licuar la pulpa con la leche durante poco tiempo"",""No licuar en exceso para que no se vuelva amarga"",""Agregar el azúcar y la vainilla"",""Añadir el hielo y licuar brevemente"",""Servir de inmediato con unas gotas de limón""]","18","facil","/assets/images/recetas/batido_de_chirimoya.jpg",,,
"379","3","Cremolada de fresa","Granizado espeso de fresa con hielo, típico de la calle limeña.","[""600 g de fresas"",""3 tazas de hielo"",""1 taza de azúcar"",""1/2 taza de agua"",""1 limón"",""1 pizca de sal""]","[""Lavar las fresas y retirarles las hojas"",""Congelar la mitad de las fresas por al menos cuatro horas"",""Preparar un jarabe hirviendo el azúcar con el agua y dejarlo enfriar"",""Licuar las fresas congeladas con las frescas y el jarabe"",""Agregar el hielo poco a poco mientras se licua"",""Buscar una textura espesa que se pueda comer con cuchara"",""Servir de inmediato en vaso con una fresa encima""]","20","facil","/assets/images/recetas/cremolada_de_fresa.jpg",,,
"380","3","Cremolada de maracuyá","Granizado ácido y dulce de maracuyá con hielo molido.","[""12 maracuyás"",""3 tazas de hielo"",""1 taza de azúcar"",""1/2 taza de agua"",""1 pizca de sal"",""Hojas de hierbabuena""]","[""Extraer la pulpa de los maracuyás y licuarla brevemente con agua"",""Colar para separar las semillas"",""Preparar un jarabe con el azúcar y el agua, y dejarlo enfriar"",""Congelar parte del jugo de maracuyá en cubetera"",""Licuar los cubos de jugo congelado con el jugo fresco y el jarabe"",""Agregar hielo hasta lograr una textura espesa de granizado"",""Servir de inmediato con hierbabuena""]","25","facil","/assets/images/recetas/cremolada_de_maracuya.jpg",,,
"381","3","Cremolada de lúcuma","Granizado cremoso de lúcuma con leche condensada.","[""4 lúcumas maduras"",""3 tazas de hielo"",""1 lata de leche condensada"",""1 taza de leche"",""1 cucharadita de vainilla"",""1 pizca de canela""]","[""Pelar las lúcumas y retirar las pepas"",""Cortar la pulpa en trozos y congelarla por cuatro horas"",""Licuar la pulpa congelada con la leche"",""Agregar la leche condensada poco a poco mientras se licua"",""Añadir el hielo hasta lograr una textura espesa"",""Agregar la vainilla y mezclar"",""Servir de inmediato espolvoreado con canela""]","20","facil","/assets/images/recetas/cremolada_de_lucuma.jpg",,,
"382","3","Cremolada de guanábana","Granizado perfumado de guanábana con hielo y azúcar.","[""1 guanábana madura"",""3 tazas de hielo"",""1 taza de azúcar"",""1 taza de agua"",""1 limón"",""1 pizca de sal""]","[""Abrir la guanábana y retirar la pulpa blanca"",""Separar con cuidado todas las semillas negras, que no se deben licuar"",""Preparar un jarabe con el azúcar y el agua, y enfriarlo"",""Congelar parte de la pulpa por al menos cuatro horas"",""Licuar la pulpa congelada con la fresca y el jarabe"",""Agregar hielo hasta lograr la textura de granizado"",""Servir de inmediato con unas gotas de limón""]","25","media","/assets/images/recetas/cremolada_de_guanabana.jpg",,,
"383","3","Maracuyá frozen","Bebida frozen de maracuyá batida con hielo hasta quedar espumosa.","[""10 maracuyás"",""4 tazas de hielo"",""1 taza de azúcar"",""1 taza de agua"",""1 clara de huevo"",""Hojas de hierbabuena""]","[""Extraer la pulpa de los maracuyás y licuarla brevemente con agua"",""Colar para eliminar las semillas"",""Preparar un jarabe con el azúcar y el agua, y dejarlo enfriar"",""Colocar el jugo, el jarabe y el hielo en la licuadora"",""Licuar a velocidad máxima durante un minuto completo"",""Agregar la clara de huevo y licuar 20 segundos más para dar espuma"",""Servir de inmediato en copa con hierbabuena""]","20","facil","/assets/images/recetas/maracuya_frozen.jpg",,,
"384","3","Limonada frozen","Limonada batida con hielo hasta quedar espumosa y helada.","[""10 limones"",""4 tazas de hielo"",""1 taza de azúcar"",""2 tazas de agua"",""Hojas de hierbabuena"",""1 pizca de sal""]","[""Exprimir los limones sin presionar demasiado la cáscara"",""Preparar un jarabe disolviendo el azúcar en agua caliente y enfriarlo"",""Colocar el jugo de limón, el jarabe y el agua en la licuadora"",""Agregar todo el hielo de una vez"",""Licuar a velocidad máxima durante un minuto hasta que quede espumoso"",""Probar y ajustar el equilibrio entre ácido y dulce"",""Servir de inmediato con hierbabuena""]","15","facil","/assets/images/recetas/limonada_frozen.jpg",,,
"385","3","Limonada clásica","Limonada peruana con jugo de limón, agua, azúcar y hielo.","[""10 limones"",""2 litros de agua"",""1 taza de azúcar"",""Hielo al gusto"",""Hojas de hierbabuena"",""1 pizca de sal""]","[""Rodar los limones sobre la mesa presionando para que suelten más jugo"",""Cortarlos por la mitad y exprimirlos sin apretar la cáscara"",""Disolver el azúcar en un poco de agua tibia para hacer un jarabe"",""Mezclar el jarabe con el resto del agua fría"",""Agregar el jugo de limón y remover bien"",""Probar y ajustar el dulzor y la acidez"",""Servir bien helado con hielo y hierbabuena""]","12","facil","/assets/images/recetas/limonada_clasica.jpg",,"Almuerzos criollos",
"386","3","Limonada de hierbabuena","Limonada aromatizada con hojas de hierbabuena machacadas.","[""10 limones"",""2 litros de agua"",""1 atado de hierbabuena"",""1 taza de azúcar"",""Hielo al gusto"",""1 pizca de sal""]","[""Machacar las hojas de hierbabuena con el azúcar en un mortero"",""El machacado libera los aceites esenciales de la hoja"",""Exprimir los limones y reservar el jugo"",""Mezclar la hierbabuena machacada con el agua fría"",""Dejar reposar 10 minutos para que infusione"",""Colar y agregar el jugo de limón"",""Servir bien helado con hojas frescas de hierbabuena""]","20","facil","/assets/images/recetas/limonada_de_hierbabuena.jpg",,,
"387","3","Agua de manzana con canela","Bebida aromática de manzana hervida con canela y clavo.","[""6 manzanas"",""2 litros de agua"",""2 palitos de canela"",""6 clavos de olor"",""Azúcar al gusto"",""2 limones""]","[""Lavar las manzanas y cortarlas en trozos con cáscara"",""Colocarlas en una olla con el agua, la canela y el clavo"",""Hervir 30 minutos a fuego medio"",""Aplastar las manzanas dentro de la olla para soltar más sabor"",""Colar el líquido descartando los sólidos"",""Endulzar al gusto mientras aún está caliente"",""Servir caliente en invierno o bien helada con limón en verano""]","45","facil","/assets/images/recetas/agua_de_manzana_con_canela.jpg",,,
"388","3","Agua de jengibre con limón","Infusión digestiva de kion fresco con limón y miel.","[""1 trozo grande de kion"",""2 litros de agua"",""6 limones"",""3 cucharadas de miel"",""1 palito de canela"",""Hojas de hierbabuena""]","[""Pelar el kion y cortarlo en rodajas delgadas"",""Hervir el agua y agregar el kion con la canela"",""Cocinar a fuego bajo durante 15 minutos"",""Apagar el fuego y dejar reposar tapado 10 minutos más"",""Colar el líquido descartando el kion"",""Agregar el jugo de limón cuando ya no esté hirviendo"",""Endulzar con miel y servir caliente o helada""]","35","facil","/assets/images/recetas/agua_de_jengibre_con_limon.jpg",,,
"389","3","Agua saborizada de cítricos","Agua fría infusionada con rodajas de cítricos y hierbabuena.","[""2 naranjas"",""2 limones"",""1 mandarina"",""2 litros de agua"",""Hojas de hierbabuena"",""Hielo al gusto""]","[""Lavar muy bien los cítricos porque se usan con cáscara"",""Cortarlos en rodajas delgadas"",""Colocar las rodajas en una jarra grande"",""Agregar las hojas de hierbabuena ligeramente machacadas"",""Verter el agua fría y remover suavemente"",""Refrigerar al menos tres horas para que infusione"",""Servir con hielo, retirando los cítricos después de un día""]","15","facil","/assets/images/recetas/agua_saborizada_de_citricos.jpg",,,
"390","3","Yogurt casero de fresa","Yogurt natural hecho en casa con mermelada de fresa.","[""2 litros de leche fresca"",""1 taza de yogurt natural"",""1 taza de mermelada de fresa"",""1/2 taza de azúcar"",""1 cucharadita de vainilla"",""300 g de fresas frescas""]","[""Hervir la leche y dejarla entibiar hasta unos 45 grados"",""Comprobar la temperatura: debe sentirse tibia, no caliente"",""Disolver el yogurt natural en un poco de esa leche tibia"",""Mezclarlo con el resto de la leche removiendo suavemente"",""Tapar y envolver el recipiente con una manta para conservar el calor"",""Dejar reposar entre 8 y 10 horas sin moverlo"",""Refrigerar, endulzar y mezclar con la mermelada y las fresas picadas""]","600","media","/assets/images/recetas/yogurt_casero_de_fresa.jpg",,"Granola",
"391","3","Leche con plátano y algarrobina","Batido energético de leche, plátano y algarrobina.","[""3 plátanos maduros"",""2 tazas de leche"",""3 cucharadas de algarrobina"",""2 cucharadas de azúcar"",""Hielo al gusto"",""1 pizca de canela""]","[""Pelar los plátanos maduros y cortarlos en trozos"",""Colocarlos en la licuadora con la leche fría"",""Agregar la algarrobina, que aporta color oscuro y sabor tostado"",""Licuar hasta que la mezcla quede completamente cremosa"",""Endulzar al gusto recordando que la algarrobina ya es dulce"",""Agregar hielo y licuar de nuevo"",""Servir en vaso alto espolvoreado con canela""]","12","facil","/assets/images/recetas/leche_con_platano_y_algarrobina.jpg",,,
"392","3","Jugo surtido especial","Mezcla de papaya, plátano, betarraga, naranja y alfalfa.","[""1/2 papaya"",""2 plátanos"",""1 betarraga cocida"",""4 naranjas"",""1 atado de alfalfa"",""2 cucharadas de miel""]","[""Exprimir las naranjas y reservar el jugo"",""Pasar la alfalfa lavada por el extractor"",""Cocinar la betarraga y cortarla en trozos"",""Licuar la papaya, el plátano y la betarraga con el jugo de naranja"",""Agregar el extracto de alfalfa y licuar de nuevo"",""Endulzar con miel al gusto"",""Servir de inmediato en vaso grande""]","25","facil","/assets/images/recetas/jugo_surtido_especial.jpg",,,
"393","3","Batido de papaya con avena","Batido espeso de papaya, avena y leche, muy saciante.","[""1/2 papaya madura"",""1/2 taza de avena"",""2 tazas de leche"",""2 cucharadas de miel"",""Hielo al gusto"",""1 cucharadita de canela""]","[""Remojar la avena en leche durante 10 minutos para ablandarla"",""Pelar la papaya, retirar las semillas y cortarla en cubos"",""Licuar la papaya con la avena remojada y el resto de la leche"",""Licuar hasta que la avena quede completamente integrada"",""Endulzar con miel al gusto"",""Agregar hielo y licuar brevemente"",""Servir espolvoreado con canela""]","18","facil","/assets/images/recetas/batido_de_papaya_con_avena.jpg",,,
"394","3","Mate de coca","Infusión andina de hojas de coca, tradicional contra el soroche.","[""1 puñado de hojas de coca"",""1 litro de agua"",""Azúcar o miel al gusto"",""1 rodaja de limón"",""1 palito de canela"",""Hojas de muña opcional""]","[""Hervir el agua y retirarla del fuego"",""Esperar un momento para que baje de los 100 grados"",""Colocar las hojas de coca en una tetera o taza"",""Verter el agua caliente sobre las hojas"",""Tapar y dejar infusionar entre 5 y 8 minutos"",""No hervir las hojas directamente, porque el sabor se vuelve amargo"",""Colar, endulzar al gusto y servir caliente""]","12","facil","/assets/images/recetas/mate_de_coca.jpg",,"Pan chuta",
"395","3","Mate de muña","Infusión de muña, la menta andina, digestiva y aromática.","[""1 puñado de muña fresca"",""1 litro de agua"",""Miel al gusto"",""1 rodaja de limón"",""1 palito de canela"",""Hojas de hierbabuena opcional""]","[""Lavar las ramitas de muña con agua fría"",""Hervir el agua y retirarla del fuego"",""Colocar la muña en una tetera"",""Verter el agua caliente sobre las hojas"",""Tapar y dejar infusionar 6 minutos para que suelte su aroma"",""Colar y endulzar con miel"",""Servir caliente, especialmente después de comidas pesadas""]","12","facil","/assets/images/recetas/mate_de_muna.jpg",,,
"396","3","Mate de anís","Infusión dulce y aromática de anís en grano.","[""2 cucharadas de anís en grano"",""1 litro de agua"",""Azúcar al gusto"",""1 palito de canela"",""1 rodaja de limón"",""Miel opcional""]","[""Colocar el anís en grano en una olla con el agua"",""Llevar a hervor suave durante 5 minutos"",""Apagar el fuego y dejar reposar tapado 10 minutos"",""El reposo tapado concentra el aroma del anís"",""Colar el líquido con un colador fino"",""Endulzar al gusto con azúcar o miel"",""Servir caliente en taza""]","20","facil","/assets/images/recetas/mate_de_anis.jpg",,"Pan con mantequilla",
"397","3","Manzanilla","Infusión de flores de manzanilla, calmante y digestiva.","[""2 cucharadas de flores de manzanilla"",""1 litro de agua"",""Miel al gusto"",""1 rodaja de limón"",""1 ramita de hierbabuena"",""1 palito de canela""]","[""Hervir el agua y retirarla del fuego"",""Colocar las flores de manzanilla en una tetera"",""Verter el agua caliente sobre las flores"",""Tapar de inmediato para que no se escapen los aceites esenciales"",""Dejar infusionar 5 minutos, ni más ni menos"",""Una infusión demasiado larga vuelve amarga la manzanilla"",""Colar, endulzar con miel y servir caliente""]","10","facil","/assets/images/recetas/manzanilla.jpg",,,
"398","3","Hierba luisa","Infusión cítrica y relajante de hojas de hierba luisa.","[""1 puñado de hojas de hierba luisa"",""1 litro de agua"",""Miel al gusto"",""1 rodaja de limón"",""1 ramita de cedrón"",""Azúcar opcional""]","[""Lavar las hojas de hierba luisa y cortarlas en trozos"",""El corte libera más aroma que la hoja entera"",""Hervir el agua y retirarla del fuego"",""Colocar las hojas en una tetera y verter el agua caliente"",""Tapar y dejar infusionar 7 minutos"",""Colar el líquido"",""Endulzar con miel y servir caliente""]","12","facil","/assets/images/recetas/hierba_luisa.jpg",,,
"399","3","Infusión de cedrón","Mate suave de cedrón, tradicional para la digestión.","[""1 puñado de hojas de cedrón"",""1 litro de agua"",""Miel al gusto"",""1 rodaja de limón"",""1 palito de canela"",""Hojas de hierbabuena opcional""]","[""Lavar las hojas de cedrón con agua fría"",""Hervir el agua y retirarla del fuego"",""Colocar las hojas en una tetera"",""Verter el agua caliente y tapar de inmediato"",""Dejar infusionar 6 minutos"",""Colar el líquido descartando las hojas"",""Endulzar con miel y servir caliente después de las comidas""]","12","facil","/assets/images/recetas/infusion_de_cedron.jpg",,,
"400","3","Infusión de toronjil","Mate de toronjil, usado tradicionalmente para calmar los nervios.","[""1 puñado de hojas de toronjil"",""1 litro de agua"",""Miel al gusto"",""1 rodaja de limón"",""1 ramita de manzanilla"",""Azúcar opcional""]","[""Lavar las hojas de toronjil con cuidado"",""Hervir el agua y retirarla del fuego"",""Colocar las hojas en la tetera"",""Verter el agua caliente sobre las hojas"",""Tapar y dejar infusionar 6 minutos"",""Colar el líquido"",""Endulzar con miel y servir caliente, preferentemente en la noche""]","12","facil","/assets/images/recetas/infusion_de_toronjil.jpg",,,
"401","3","Infusión de menta","Mate fresco de hojas de menta, digestivo y aromático.","[""1 puñado de hojas de menta"",""1 litro de agua"",""Miel al gusto"",""1 rodaja de limón"",""1 trozo pequeño de kion"",""Azúcar opcional""]","[""Lavar las hojas de menta y machacarlas ligeramente con la mano"",""El machacado suave libera los aceites esenciales"",""Hervir el agua y retirarla del fuego"",""Colocar las hojas en la tetera y verter el agua caliente"",""Tapar y dejar infusionar 5 minutos"",""Colar el líquido"",""Endulzar con miel y servir caliente o fría con hielo""]","10","facil","/assets/images/recetas/infusion_de_menta.jpg",,,
"402","3","Infusión de boldo","Mate amargo de boldo, tradicional para el hígado.","[""1 cucharada de hojas de boldo"",""1 litro de agua"",""Miel al gusto"",""1 rodaja de limón"",""1 ramita de hierbabuena"",""1 palito de canela""]","[""Hervir el agua y retirarla del fuego"",""Colocar las hojas de boldo en la tetera"",""Usar poca cantidad, porque el boldo es muy concentrado"",""Verter el agua caliente y tapar"",""Dejar infusionar solo 4 minutos para que no amargue en exceso"",""Colar de inmediato"",""Endulzar con miel y servir caliente""]","10","facil","/assets/images/recetas/infusion_de_boldo.jpg",,,
"403","3","Infusión de eucalipto","Mate de hojas de eucalipto, usado para las vías respiratorias.","[""6 hojas de eucalipto"",""1 litro de agua"",""Miel al gusto"",""2 limones"",""1 trozo de kion"",""1 palito de canela""]","[""Lavar las hojas de eucalipto y romperlas con las manos"",""Colocarlas en una olla con el agua"",""Llevar a hervor y cocinar 8 minutos a fuego bajo"",""Agregar el kion en rodajas y la canela"",""Apagar el fuego y dejar reposar tapado 10 minutos"",""Colar el líquido descartando las hojas"",""Endulzar con miel, agregar limón y servir muy caliente""]","25","facil","/assets/images/recetas/infusion_de_eucalipto.jpg",,,
"404","3","Té de canela y clavo","Infusión caliente y especiada de canela con clavo de olor.","[""3 palitos de canela"",""8 clavos de olor"",""1 litro de agua"",""Azúcar al gusto"",""1 rodaja de naranja"",""1 estrella de anís""]","[""Colocar la canela y el clavo en una olla con el agua fría"",""Llevar a hervor lentamente para que las especias suelten su aroma"",""Cocinar a fuego bajo durante 10 minutos"",""Agregar la cáscara de naranja y el anís estrella"",""Apagar el fuego y dejar reposar tapado 10 minutos más"",""Colar el líquido"",""Endulzar al gusto y servir bien caliente""]","30","facil","/assets/images/recetas/te_de_canela_y_clavo.jpg",,,
"405","3","Infusión de tilo","Mate de flores de tilo, relajante y suave.","[""2 cucharadas de flores de tilo"",""1 litro de agua"",""Miel al gusto"",""1 rodaja de limón"",""1 ramita de manzanilla"",""Azúcar opcional""]","[""Hervir el agua y retirarla del fuego"",""Colocar las flores de tilo en la tetera"",""Verter el agua caliente sobre las flores"",""Tapar de inmediato para retener los aromas"",""Dejar infusionar 6 minutos"",""Colar el líquido descartando las flores"",""Endulzar con miel y servir caliente antes de dormir""]","12","facil","/assets/images/recetas/infusion_de_tilo.jpg",,,
"406","3","Infusión de valeriana","Mate de raíz de valeriana, tradicionalmente usado para el descanso.","[""1 cucharadita de raíz de valeriana"",""1 litro de agua"",""Miel al gusto"",""1 ramita de toronjil"",""1 rodaja de limón"",""1 palito de canela""]","[""Colocar la raíz de valeriana en una olla con el agua"",""Llevar a hervor suave durante 5 minutos"",""Agregar el toronjil y apagar el fuego"",""Dejar reposar tapado 10 minutos"",""Colar el líquido con un colador fino"",""Endulzar con miel, que suaviza su sabor terroso"",""Servir caliente en la noche, una taza a la vez""]","20","facil","/assets/images/recetas/infusion_de_valeriana.jpg",,,
"407","3","Infusión de paico","Mate andino de paico, usado tradicionalmente para el estómago.","[""1 puñado de hojas de paico"",""1 litro de agua"",""Miel al gusto"",""1 rodaja de limón"",""1 ramita de hierbabuena"",""Azúcar opcional""]","[""Lavar bien las hojas de paico con agua fría"",""Hervir el agua y retirarla del fuego"",""Colocar las hojas en la tetera"",""Verter el agua caliente sobre el paico"",""Tapar y dejar infusionar 5 minutos"",""Usar poca cantidad porque el paico tiene sabor muy fuerte"",""Colar, endulzar y servir caliente""]","12","facil","/assets/images/recetas/infusion_de_paico.jpg",,,
"408","3","Infusión de llantén","Mate de hojas de llantén, usado para la garganta.","[""1 puñado de hojas de llantén"",""1 litro de agua"",""Miel al gusto"",""2 limones"",""1 trozo de kion"",""1 palito de canela""]","[""Lavar bien las hojas de llantén, que suelen crecer a ras del suelo"",""Hervir el agua con el kion en rodajas"",""Retirar del fuego y agregar las hojas de llantén"",""Tapar y dejar infusionar 8 minutos"",""Colar el líquido descartando las hojas"",""Agregar el jugo de limón cuando ya no esté hirviendo"",""Endulzar con miel y servir caliente""]","20","facil","/assets/images/recetas/infusion_de_llanten.jpg",,,
"409","3","Infusión de hercampuri","Mate amargo andino de hercampuri.","[""1 cucharadita de hercampuri"",""1 litro de agua"",""Miel al gusto"",""1 rodaja de limón"",""1 ramita de hierbabuena"",""1 palito de canela""]","[""Colocar el hercampuri en una olla con el agua"",""Llevar a hervor suave durante 5 minutos"",""Usar poca cantidad porque es una planta muy amarga"",""Apagar el fuego y dejar reposar tapado 5 minutos"",""Colar el líquido con un colador fino"",""Endulzar con miel para suavizar el amargor"",""Servir caliente, tradicionalmente en ayunas""]","18","facil","/assets/images/recetas/infusion_de_hercampuri.jpg",,,
"410","3","Infusión de chanca piedra","Mate de chanca piedra, planta amazónica muy usada en Perú.","[""1 puñado de chanca piedra"",""1 litro de agua"",""Miel al gusto"",""1 rodaja de limón"",""1 trozo de kion"",""1 palito de canela""]","[""Lavar bien la planta de chanca piedra"",""Colocarla en una olla con el agua fría"",""Llevar a hervor y cocinar 10 minutos a fuego bajo"",""Apagar el fuego y dejar reposar tapado 10 minutos"",""Colar el líquido descartando los tallos"",""Endulzar con miel al gusto"",""Servir caliente o a temperatura ambiente a lo largo del día""]","25","facil","/assets/images/recetas/infusion_de_chanca_piedra.jpg",,,
"411","3","Infusión de uña de gato","Mate amazónico de corteza de uña de gato.","[""2 cucharadas de corteza de uña de gato"",""1 litro de agua"",""Miel al gusto"",""1 rodaja de limón"",""1 palito de canela"",""1 trozo de kion""]","[""Colocar la corteza de uña de gato en una olla con el agua fría"",""Llevar a hervor lentamente"",""Cocinar a fuego bajo durante 15 minutos, porque la corteza es dura"",""Agregar la canela y el kion en los últimos minutos"",""Apagar el fuego y dejar reposar tapado"",""Colar el líquido con un colador fino"",""Endulzar con miel y servir caliente""]","30","facil","/assets/images/recetas/infusion_de_una_de_gato.jpg",,,
"412","3","Té negro con leche","Té negro cargado servido con leche caliente y azúcar.","[""4 bolsitas de té negro"",""1/2 litro de agua"",""1/2 litro de leche"",""Azúcar al gusto"",""1 palito de canela"",""4 clavos de olor""]","[""Hervir el agua y retirarla del fuego"",""Colocar las bolsitas de té y dejar infusionar 4 minutos"",""No dejar el té más tiempo, porque libera taninos amargos"",""Retirar las bolsitas sin exprimirlas"",""Calentar la leche aparte con la canela y el clavo sin dejar que hierva"",""Mezclar el té con la leche caliente"",""Endulzar al gusto y servir bien caliente""]","15","facil","/assets/images/recetas/te_negro_con_leche.jpg",,"Pan con mantequilla",
"413","3","Té verde con limón","Infusión de té verde con limón y miel, ligera y antioxidante.","[""4 bolsitas de té verde"",""1 litro de agua"",""2 limones"",""Miel al gusto"",""1 ramita de hierbabuena"",""1 trozo pequeño de kion""]","[""Hervir el agua y dejarla reposar dos minutos fuera del fuego"",""El té verde se amarga si se prepara con agua hirviendo"",""Colocar las bolsitas en la tetera y verter el agua a unos 80 grados"",""Dejar infusionar solo 3 minutos"",""Retirar las bolsitas de inmediato"",""Agregar el jugo de limón y la miel cuando esté tibio"",""Servir caliente o con hielo y hierbabuena""]","12","facil","/assets/images/recetas/te_verde_con_limon.jpg",,,
"414","3","Té piteado","Té negro caliente con un chorro de pisco, típico de noches frías.","[""4 bolsitas de té negro"",""1 litro de agua"",""1/2 taza de pisco"",""Azúcar al gusto"",""2 limones"",""1 palito de canela""]","[""Hervir el agua con la canela"",""Retirar del fuego y colocar las bolsitas de té"",""Dejar infusionar 4 minutos y retirar las bolsitas"",""Endulzar el té caliente al gusto"",""Servir en taza y agregar el pisco al final"",""Agregar el alcohol fuera del fuego para que no se evapore"",""Terminar con unas gotas de limón y servir de inmediato""]","15","facil","/assets/images/recetas/te_piteado.jpg",,,
"415","3","Café americano","Café filtrado suave, servido negro y caliente.","[""60 g de café molido"",""1 litro de agua"",""Azúcar al gusto"",""Leche opcional"",""1 pizca de canela"",""1 pizca de sal""]","[""Moler el café en grano justo antes de preparar, si es posible"",""Calentar el agua hasta unos 92 grados, sin dejar que hierva"",""El agua hirviendo quema el café y lo vuelve amargo"",""Colocar el café molido en el filtro"",""Verter el agua en círculos, lentamente, en dos o tres tandas"",""Dejar que filtre por completo sin presionar"",""Servir caliente, con azúcar o leche si se desea""]","12","facil","/assets/images/recetas/cafe_americano.jpg",,"Pan con mantequilla",
"416","3","Café cortado","Café espresso cortado con un poco de leche caliente.","[""2 cucharadas de café molido fino"",""1/2 taza de agua"",""1/2 taza de leche"",""Azúcar al gusto"",""1 pizca de canela"",""1 pizca de cacao""]","[""Preparar un espresso cargado con el café molido fino"",""Calentar la leche sin dejar que hierva"",""La leche hervida pierde dulzor natural y toma sabor a cocido"",""Verter el espresso en una taza pequeña"",""Agregar solo un chorro de leche caliente, sin llenar la taza"",""Endulzar al gusto"",""Espolvorear una pizca de canela o cacao y servir""]","10","facil","/assets/images/recetas/cafe_cortado.jpg",,,
"417","3","Capuchino casero","Café con leche espumada y cacao espolvoreado encima.","[""2 cucharadas de café molido"",""1/2 taza de agua"",""1 taza de leche entera"",""Azúcar al gusto"",""1 cucharadita de cacao en polvo"",""1 pizca de canela""]","[""Preparar un café cargado y reservarlo caliente"",""Calentar la leche entera hasta unos 65 grados"",""Batir la leche con un batidor manual o espumador hasta que doble su volumen"",""La leche entera espuma mejor que la descremada"",""Verter el café en la taza"",""Agregar la leche espumada por encima sosteniendo la espuma con una cuchara"",""Espolvorear cacao y canela, y servir de inmediato""]","15","media","/assets/images/recetas/capuchino_casero.jpg",,,
"418","3","Café con algarrobina","Café con leche endulzado con algarrobina en lugar de azúcar.","[""3 cucharadas de café molido"",""1/2 taza de agua"",""2 tazas de leche"",""3 cucharadas de algarrobina"",""1 pizca de canela"",""1 cucharadita de vainilla""]","[""Preparar un café cargado con el café molido"",""Calentar la leche con la canela sin dejar que hierva"",""Disolver la algarrobina en un poco de leche caliente"",""Remover bien hasta que no queden grumos oscuros"",""Mezclar la leche con algarrobina y el café"",""Agregar la vainilla y probar el dulzor"",""Servir caliente espolvoreado con canela""]","15","facil","/assets/images/recetas/cafe_con_algarrobina.jpg",,,
"419","3","Café helado","Café frío batido con hielo, leche y un toque de vainilla.","[""1 taza de café cargado frío"",""1 taza de leche"",""3 tazas de hielo"",""3 cucharadas de azúcar"",""1 cucharadita de vainilla"",""1 pizca de canela""]","[""Preparar el café cargado y dejarlo enfriar por completo"",""Refrigerarlo al menos una hora antes de usarlo"",""Usar café ya frío evita que el hielo se derrita y aguade la bebida"",""Colocar el café, la leche, el azúcar y la vainilla en la licuadora"",""Agregar el hielo y licuar a velocidad alta"",""Buscar una textura espumosa y bien fría"",""Servir de inmediato en vaso alto con canela espolvoreada""]","15","facil","/assets/images/recetas/cafe_helado.jpg",,,
"420","3","Infusión de manayupa","Mate andino de manayupa, planta depurativa tradicional.","[""1 puñado de manayupa"",""1 litro de agua"",""Miel al gusto"",""1 rodaja de limón"",""1 ramita de hierbabuena"",""1 palito de canela""]","[""Lavar bien la planta de manayupa con agua fría"",""Colocarla en una olla con el agua"",""Llevar a hervor y cocinar 8 minutos a fuego bajo"",""Apagar el fuego y dejar reposar tapado 10 minutos"",""Colar el líquido descartando los tallos y hojas"",""Endulzar con miel al gusto"",""Servir caliente o a temperatura ambiente durante el día""]","25","facil","/assets/images/recetas/infusion_de_manayupa.jpg",,,
"421","3","Agua de romero","Infusión aromática de romero fresco con limón y miel.","[""4 ramitas de romero fresco"",""1 litro de agua"",""2 limones"",""Miel al gusto"",""1 trozo de kion"",""1 palito de canela""]","[""Lavar las ramitas de romero con agua fría"",""Hervir el agua con el kion en rodajas"",""Retirar del fuego y agregar el romero"",""Tapar y dejar infusionar 8 minutos"",""El romero suelta mucho aroma, no conviene pasarse del tiempo"",""Colar el líquido y agregar el jugo de limón ya tibio"",""Endulzar con miel y servir caliente o helada""]","20","facil","/assets/images/recetas/agua_de_romero.jpg",,,
"422","3","Mate de coca con muña","Combinación andina de hoja de coca y muña, muy digestiva.","[""1 puñado de hojas de coca"",""1 puñado de muña"",""1 litro de agua"",""Miel al gusto"",""1 rodaja de limón"",""1 palito de canela""]","[""Hervir el agua con la canela y retirarla del fuego"",""Esperar un minuto para que baje la temperatura"",""Colocar las hojas de coca y la muña en la tetera"",""Verter el agua caliente sobre las hierbas"",""Tapar y dejar infusionar 7 minutos"",""Colar el líquido descartando las hojas"",""Endulzar con miel y servir muy caliente en la altura""]","15","facil","/assets/images/recetas/mate_de_coca_con_muna.jpg",,,
"423","3","Ponche de habas","Bebida caliente y espesa de habas tostadas con leche y canela.","[""2 tazas de habas secas"",""1 litro de leche"",""1 litro de agua"",""1 taza de azúcar"",""2 palitos de canela"",""6 clavos de olor""]","[""Tostar las habas secas en una olla hasta que doren y aromaticen"",""Molerlas hasta obtener una harina gruesa"",""Hervirlas en agua con la canela y el clavo durante 40 minutos"",""Colar el líquido presionando el bagazo para extraer todo el sabor"",""Regresar al fuego y agregar la leche poco a poco"",""Cocinar removiendo hasta que espese ligeramente"",""Endulzar y servir muy caliente en taza""]","70","media","/assets/images/recetas/ponche_de_habas.jpg",,"Pan con queso",
"424","3","Ponche de maní","Ponche cremoso de maní tostado con leche, canela y clavo.","[""2 tazas de maní tostado"",""1.5 litros de leche"",""1 taza de azúcar"",""1/2 taza de arroz remojado"",""2 palitos de canela"",""6 clavos de olor""]","[""Frotar el maní tostado en un paño para retirarle la piel"",""Remojar el arroz en agua durante una hora"",""Licuar el maní con el arroz y un poco de agua hasta que quede muy fino"",""Colar la mezcla con un paño fino exprimiendo con fuerza"",""Llevar a fuego bajo con la leche, la canela y el clavo"",""Remover constantemente para que no se pegue ni se corte"",""Endulzar y servir bien caliente""]","70","media","/assets/images/recetas/ponche_de_mani.jpg",,,
"425","3","Ponche navideño","Ponche caliente de frutas secas, canela y clavo para las fiestas.","[""2 manzanas en cubos"",""1 taza de pasas"",""1 taza de orejones de durazno"",""3 litros de agua"",""3 palitos de canela"",""1 taza de chancaca"",""8 clavos de olor""]","[""Colocar el agua en una olla grande con la canela y el clavo"",""Llevar a hervor y agregar la chancaca en trozos"",""Remover hasta que la chancaca se disuelva por completo"",""Agregar los orejones y las pasas, y cocinar 20 minutos"",""Incorporar la manzana en cubos en los últimos 10 minutos"",""Probar y ajustar el dulzor"",""Servir muy caliente en taza con un poco de la fruta""]","55","facil","/assets/images/recetas/ponche_navideno.jpg",,"Panetón",
"426","3","Ponche de leche","Leche caliente batida con huevo, canela y azúcar.","[""1.5 litros de leche"",""4 huevos"",""1 taza de azúcar"",""2 palitos de canela"",""1 cucharadita de vainilla"",""1 pizca de nuez moscada""]","[""Calentar la leche con la canela sin dejar que hierva"",""Batir los huevos con el azúcar hasta que blanqueen y espumen"",""Verter un poco de leche caliente sobre los huevos batiendo sin parar"",""Este paso atempera los huevos y evita que se cocinen de golpe"",""Regresar la mezcla a la olla removiendo constantemente a fuego bajo"",""Cocinar hasta que espese ligeramente sin llegar a hervir"",""Agregar la vainilla, espolvorear nuez moscada y servir caliente""]","30","media","/assets/images/recetas/ponche_de_leche.jpg",,,
"427","3","Ponche de quinua","Bebida caliente y espesa de quinua con leche, canela y manzana.","[""1 taza de quinua"",""1 litro de leche"",""1 litro de agua"",""2 manzanas"",""1 taza de azúcar"",""2 palitos de canela""]","[""Lavar la quinua frotándola varias veces para quitar la saponina"",""Hervirla en agua con la canela hasta que el grano reviente"",""Agregar la manzana en cubos y cocinar 10 minutos más"",""Licuar todo y colar si se prefiere una textura más fina"",""Regresar al fuego y agregar la leche poco a poco"",""Cocinar removiendo hasta que espese ligeramente"",""Endulzar y servir muy caliente en taza""]","55","facil","/assets/images/recetas/ponche_de_quinua.jpg",,,
"428","3","Calientito","Infusión caliente de té con frutas y especias, típica de las noches frías.","[""4 bolsitas de té negro"",""2 litros de agua"",""2 manzanas en cubos"",""1 piña en trozos"",""3 palitos de canela"",""1 taza de azúcar"",""8 clavos de olor""]","[""Hervir el agua con la canela, el clavo y la cáscara de piña"",""Cocinar 20 minutos para que las especias suelten su aroma"",""Agregar la manzana y la piña en cubos"",""Cocinar 10 minutos más hasta que la fruta esté blanda"",""Apagar el fuego y agregar las bolsitas de té"",""Dejar infusionar 4 minutos y retirar las bolsitas"",""Endulzar y servir muy caliente con un poco de fruta en la taza""]","45","facil","/assets/images/recetas/calientito.jpg",,,
"429","3","Chocolate cusqueño","Chocolate caliente espeso de tableta de cacao con canela y clavo.","[""300 g de tableta de chocolate de Cusco"",""1.5 litros de leche"",""2 palitos de canela"",""6 clavos de olor"",""1/2 taza de azúcar"",""1 pizca de sal""]","[""Calentar la leche con la canela y el clavo a fuego bajo"",""Dejar que infusione 10 minutos sin llegar a hervir"",""Rallar o picar la tableta de chocolate en trozos pequeños"",""Agregarlo a la leche caliente removiendo constantemente"",""Batir con molinillo o batidor para que quede espumoso"",""Cocinar a fuego bajo hasta que espese, sin dejar de remover"",""Endulzar al gusto y servir muy caliente con pan""]","30","facil","/assets/images/recetas/chocolate_cusqueno.jpg",,"Panetón",
"430","3","Submarino","Leche caliente con una barra de chocolate que se derrite en la taza.","[""1 litro de leche entera"",""4 barras de chocolate"",""2 cucharadas de azúcar"",""1 palito de canela"",""1 cucharadita de vainilla"",""1 pizca de sal""]","[""Calentar la leche con la canela a fuego medio"",""No dejar que hierva para que no se forme nata en la superficie"",""Agregar el azúcar y la vainilla, y remover"",""Retirar la canela y servir la leche muy caliente en la taza"",""Introducir la barra de chocolate entera en la taza"",""Dejar que se derrita lentamente por acción del calor"",""Remover con la cuchara antes de tomar""]","12","facil","/assets/images/recetas/submarino.jpg",,,
"431","3","Leche con canela","Leche caliente infusionada con canela y un toque de vainilla.","[""1 litro de leche"",""3 palitos de canela"",""1/3 taza de azúcar"",""1 cucharadita de vainilla"",""4 clavos de olor"",""1 pizca de nuez moscada""]","[""Colocar la leche en una olla con la canela y el clavo"",""Calentar a fuego bajo sin dejar que llegue a hervir"",""Dejar que infusione durante 10 minutos removiendo de vez en cuando"",""Retirar la canela y el clavo"",""Agregar el azúcar y la vainilla"",""Remover hasta disolver por completo"",""Servir muy caliente espolvoreada con canela molida""]","15","facil","/assets/images/recetas/leche_con_canela.jpg",,"Pan con mantequilla",
"432","3","Café bombón","Espresso servido sobre leche condensada en capas.","[""2 cucharadas de café molido fino"",""1/2 taza de agua"",""4 cucharadas de leche condensada"",""1 pizca de canela"",""1 pizca de cacao"",""Hielo opcional""]","[""Colocar la leche condensada en el fondo de un vaso pequeño de vidrio"",""Preparar un espresso bien cargado"",""Verter el café muy lentamente sobre el dorso de una cuchara"",""La cuchara evita que el café se mezcle y permite ver las dos capas"",""Dejar que se formen las capas visibles antes de servir"",""Espolvorear una pizca de canela o cacao"",""Servir con cucharita para que cada quien lo mezcle""]","10","facil","/assets/images/recetas/cafe_bombon.jpg",,,
"433","3","Horchata de arroz","Bebida refrescante de arroz molido con canela y leche.","[""1 taza de arroz"",""1.5 litros de agua"",""2 tazas de leche"",""1 taza de azúcar"",""2 palitos de canela"",""1 cucharadita de vainilla""]","[""Remojar el arroz con la canela en agua durante toda la noche"",""El remojo largo es lo que da cuerpo y sabor a la horchata"",""Licuar el arroz con su agua de remojo hasta que quede muy fino"",""Colar con un paño fino exprimiendo bien el bagazo"",""Agregar la leche y el azúcar removiendo hasta disolver"",""Añadir la vainilla y ajustar el dulzor"",""Refrigerar y servir muy helada con canela espolvoreada""]","40","facil","/assets/images/recetas/horchata_de_arroz.jpg",,,
"434","3","Quinua con piña","Refresco de quinua cocida con piña y canela, servido tibio o frío.","[""1 taza de quinua"",""1 piña"",""2.5 litros de agua"",""1 taza de azúcar"",""2 palitos de canela"",""4 clavos de olor""]","[""Lavar la quinua frotándola hasta que el agua salga limpia"",""Hervirla en agua con la canela, el clavo y la cáscara de piña"",""Cocinar 30 minutos hasta que el grano reviente por completo"",""Retirar la cáscara de piña y licuar la quinua con su agua"",""Colar la mezcla con un colador fino"",""Agregar la pulpa de piña licuada y colada"",""Endulzar al gusto y servir tibia en la mañana o helada al mediodía""]","55","facil","/assets/images/recetas/quinua_con_pina.jpg",,,
"435","3","Maca con algarrobina","Bebida energética de maca con leche y algarrobina.","[""3 cucharadas de harina de maca"",""1 litro de leche"",""3 cucharadas de algarrobina"",""1/3 taza de azúcar"",""1 palito de canela"",""1 cucharadita de vainilla""]","[""Disolver la harina de maca en un poco de leche fría"",""Remover bien para que no queden grumos"",""Calentar el resto de la leche con la canela"",""Verter la maca disuelta removiendo constantemente"",""Cocinar a fuego bajo 10 minutos para que la maca se cocine bien"",""Agregar la algarrobina y el azúcar, removiendo hasta integrar"",""Añadir la vainilla y servir caliente en el desayuno""]","25","facil","/assets/images/recetas/maca_con_algarrobina.jpg",,"Pan con queso",
"436","3","Chicha de manzana","Refresco de manzana hervida con canela, clavo y cáscara de piña.","[""8 manzanas"",""3 litros de agua"",""2 palitos de canela"",""8 clavos de olor"",""1 taza de azúcar"",""3 limones""]","[""Lavar las manzanas y cortarlas en trozos con cáscara y corazón"",""La cáscara y las pepas aportan sabor y color a la bebida"",""Colocarlas en una olla con el agua, la canela y el clavo"",""Hervir 40 minutos a fuego medio"",""Aplastar las manzanas dentro de la olla y colar el líquido"",""Endulzar mientras está caliente y dejar enfriar"",""Agregar jugo de limón y servir bien helada""]","55","facil","/assets/images/recetas/chicha_de_manzana.jpg",,,
"437","3","Refresco de hierbabuena con limón","Bebida fría de hierbabuena infusionada con limón y miel.","[""2 atados de hierbabuena"",""2 litros de agua"",""6 limones"",""Miel al gusto"",""Hielo al gusto"",""1 pepino en rodajas""]","[""Lavar bien la hierbabuena y separar las hojas de los tallos"",""Hervir el agua y retirarla del fuego"",""Agregar las hojas y dejar infusionar 10 minutos tapado"",""Colar el líquido y dejarlo enfriar por completo"",""Agregar el jugo de limón recién exprimido"",""Endulzar con miel al gusto"",""Servir muy helada con rodajas de pepino y hojas frescas""]","25","facil","/assets/images/recetas/refresco_de_hierbabuena_con_limon.jpg",,,
"438","3","Agua de coco natural","Agua de coco fresca servida con hielo y limón.","[""3 cocos verdes"",""2 limones"",""Hielo al gusto"",""Miel al gusto"",""Hojas de hierbabuena"",""1 pizca de sal""]","[""Elegir cocos verdes, que son los que tienen más agua"",""Abrir la parte superior con un cuchillo pesado y con cuidado"",""Verter el agua a través de un colador para retirar fibras"",""Raspar la pulpa tierna del interior con una cuchara"",""Mezclar el agua con la pulpa raspada"",""Agregar unas gotas de limón y una pizca de sal para realzar el sabor"",""Servir muy helada con hielo y hierbabuena""]","20","media","/assets/images/recetas/agua_de_coco_natural.jpg",,,
"439","3","Bebida de aloe vera con miel","Bebida de cristal de sábila con limón y miel.","[""2 pencas de aloe vera"",""1.5 litros de agua"",""4 limones"",""4 cucharadas de miel"",""Hielo al gusto"",""1 ramita de hierbabuena""]","[""Cortar las pencas y dejarlas paradas 20 minutos para que escurra el acíbar"",""El acíbar es el líquido amarillo amargo que debe eliminarse"",""Pelar la penca y extraer el cristal transparente del interior"",""Enjuagar el cristal varias veces bajo el chorro de agua"",""Licuarlo con el agua durante pocos segundos"",""Agregar el jugo de limón y la miel"",""Servir muy helada, consumiendo con moderación""]","35","media","/assets/images/recetas/bebida_de_aloe_vera_con_miel.jpg",,,
"440","3","Té de frutas","Infusión fría de té con trozos de fruta fresca y hierbabuena.","[""4 bolsitas de té negro"",""2 litros de agua"",""1 taza de fresas"",""1 naranja en rodajas"",""1 durazno en cubos"",""Miel al gusto"",""Hojas de hierbabuena""]","[""Hervir el agua y retirarla del fuego"",""Colocar las bolsitas de té y dejar infusionar 4 minutos"",""Retirar las bolsitas sin exprimirlas para que no amargue"",""Dejar enfriar el té por completo"",""Agregar la fruta cortada en trozos y las hojas de hierbabuena"",""Refrigerar al menos tres horas para que la fruta infusione"",""Servir con hielo y un poco de la fruta en cada vaso""]","25","facil","/assets/images/recetas/te_de_frutas.jpg",,,
"441","3","Crema de café casera","Bebida fría y cremosa de café con leche condensada y hielo.","[""1 taza de café cargado frío"",""1 lata de leche condensada"",""1 taza de leche evaporada"",""3 tazas de hielo"",""1 cucharadita de vainilla"",""1 pizca de canela""]","[""Preparar un café bien cargado y dejarlo enfriar por completo"",""Refrigerarlo al menos una hora"",""Colocar el café frío en la licuadora con la leche condensada"",""Agregar la leche evaporada y la vainilla"",""Licuar hasta integrar todo"",""Añadir el hielo y licuar a velocidad alta hasta que quede cremoso"",""Servir de inmediato en vaso alto con canela espolvoreada""]","15","facil","/assets/images/recetas/crema_de_cafe_casera.jpg",,,
"442","3","Pisco Sour","Cóctel bandera del Perú: pisco, limón, jarabe, clara y amargo.","[""3 onzas de pisco quebranta"",""1 onza de jugo de limón"",""1 onza de jarabe de goma"",""1 clara de huevo"",""1 taza de hielo"",""Amargo de angostura""]","[""Preparar el jarabe de goma hirviendo partes iguales de azúcar y agua, y enfriarlo"",""Exprimir los limones al momento, sin apretar la cáscara"",""Colocar el pisco, el limón, el jarabe y la clara en la licuadora"",""Licuar unos segundos sin hielo para que la clara espume bien"",""Agregar el hielo y licuar 10 segundos más, sin triturarlo del todo"",""Servir en copa dejando que se forme la capa de espuma"",""Terminar con tres gotas de amargo de angostura sobre la espuma""]","15","media","/assets/images/recetas/pisco_sour.jpg",,"Piqueos criollos",
"443","3","Chilcano de Pisco","Trago largo y refrescante de pisco con ginger ale y limón.","[""2 onzas de pisco quebranta"",""1/2 onza de jugo de limón"",""Ginger ale al gusto"",""Hielo en cubos"",""2 gotas de amargo de angostura"",""1 rodaja de limón""]","[""Llenar un vaso alto con abundante hielo en cubos"",""Usar hielo en cubos grandes, que se derriten más lento"",""Verter el pisco sobre el hielo"",""Agregar el jugo de limón recién exprimido"",""Completar con ginger ale bien frío vertido lentamente"",""Agregar dos gotas de amargo de angostura"",""Remover suavemente y decorar con una rodaja de limón""]","5","facil","/assets/images/recetas/chilcano_de_pisco.jpg",,"Piqueos criollos",
"444","3","Algarrobina","Cóctel dulce y cremoso de pisco con leche condensada y algarrobina.","[""2 onzas de pisco"",""3 cucharadas de algarrobina"",""1/2 taza de leche evaporada"",""3 cucharadas de leche condensada"",""1 yema de huevo"",""1 taza de hielo"",""Canela en polvo""]","[""Colocar el pisco, la algarrobina y las leches en la licuadora"",""Agregar la yema de huevo, que aporta cremosidad y color"",""Licuar durante 30 segundos hasta que quede homogéneo"",""Agregar el hielo y licuar de nuevo hasta que espese"",""Probar y ajustar el dulzor con más leche condensada si hace falta"",""Servir en copa ancha"",""Espolvorear canela en polvo sobre la superficie""]","12","facil","/assets/images/recetas/algarrobina.jpg",,,
"445","3","Machu Picchu","Cóctel peruano de tres capas de colores con pisco y granadina.","[""2 onzas de pisco"",""2 onzas de jugo de naranja"",""1 onza de granadina"",""1 onza de crema de menta"",""1 taza de hielo"",""1 cucharada de azúcar""]","[""Colocar la granadina en el fondo de una copa alta"",""Licuar el pisco con el jugo de naranja, azúcar y hielo"",""Verter esa mezcla lentamente sobre el dorso de una cuchara"",""La cuchara evita que se mezcle con la granadina del fondo"",""Dejar que se asiente formando la segunda capa anaranjada"",""Agregar la crema de menta por encima con la misma técnica"",""Servir de inmediato sin remover, para que se vean las tres capas""]","15","media","/assets/images/recetas/machu_picchu.jpg",,,
"446","3","Capitán","Cóctel clásico peruano de pisco con vermut rojo.","[""2 onzas de pisco quebranta"",""1 onza de vermut rojo"",""Hielo en cubos"",""1 cereza al marrasquino"",""1 cáscara de limón"",""2 gotas de amargo de angostura""]","[""Enfriar previamente la copa coctelera en el congelador"",""Llenar un vaso mezclador con hielo en cubos"",""Verter el pisco y el vermut rojo sobre el hielo"",""Remover con cuchara larga durante 20 segundos"",""Este cóctel se remueve, nunca se agita, para mantenerlo cristalino"",""Colar en la copa fría usando un colador de gusanillo"",""Decorar con una cereza y la cáscara de limón""]","8","media","/assets/images/recetas/capitan.jpg",,,
"447","3","Perú Libre","Trago largo de pisco con cola y limón, versión peruana del cuba libre.","[""2 onzas de pisco"",""Gaseosa de cola al gusto"",""1/2 onza de jugo de limón"",""Hielo en cubos"",""1 rodaja de limón"",""1 pizca de azúcar""]","[""Llenar un vaso alto con abundante hielo en cubos"",""Verter el pisco sobre el hielo"",""Agregar el jugo de limón recién exprimido"",""Completar con gaseosa de cola bien fría vertida lentamente"",""Verter despacio para conservar el gas de la bebida"",""Remover una sola vez con cuchara larga"",""Decorar con una rodaja de limón y servir de inmediato""]","5","facil","/assets/images/recetas/peru_libre.jpg",,,
"448","3","Sangría peruana","Vino tinto macerado con frutas, pisco y gaseosa.","[""1 botella de vino tinto"",""1/2 taza de pisco"",""2 manzanas en cubos"",""2 naranjas en rodajas"",""1 taza de gaseosa de limón"",""1/2 taza de azúcar"",""1 palito de canela""]","[""Cortar las frutas en cubos y rodajas"",""Colocarlas en una jarra grande con el azúcar y la canela"",""Verter el vino tinto y el pisco sobre la fruta"",""Remover y refrigerar al menos cuatro horas"",""La maceración larga es lo que da sabor a la sangría"",""Agregar la gaseosa de limón justo antes de servir"",""Servir muy fría con hielo y un poco de fruta en cada vaso""]","270","facil","/assets/images/recetas/sangria_peruana.jpg",,"Piqueos",
"449","3","Pisco Punch","Cóctel histórico de pisco con piña macerada y limón.","[""2 onzas de pisco"",""1 taza de piña en cubos"",""1 onza de jugo de limón"",""1 onza de jarabe de goma"",""Hielo en cubos"",""1 rodaja de piña""]","[""Cortar la piña en cubos y macerarla en jarabe de goma por dos horas"",""Reservar el jarabe que la piña ha perfumado"",""Colocar el pisco, el jugo de limón y el jarabe de piña en la coctelera"",""Agregar unos cubos de piña macerada"",""Llenar con hielo y agitar con fuerza durante 15 segundos"",""Colar en un vaso con hielo fresco"",""Decorar con una rodaja de piña""]","140","media","/assets/images/recetas/pisco_punch.jpg",,,
"450","3","Licor de guinda","Macerado casero de guindas en pisco con azúcar y canela.","[""1 kg de guindas"",""1 litro de pisco"",""500 g de azúcar"",""2 palitos de canela"",""6 clavos de olor"",""1 cáscara de naranja""]","[""Lavar las guindas y retirarles los tallos sin quitarles la pepa"",""Pincharlas una por una con un tenedor para que suelten su jugo"",""Colocarlas en un frasco de vidrio con el azúcar y las especias"",""Verter el pisco hasta cubrir por completo la fruta"",""Tapar herméticamente y guardar en lugar oscuro y fresco"",""Agitar el frasco una vez por semana durante dos meses"",""Colar y embotellar, sirviendo en copa pequeña""]","60","media","/assets/images/recetas/licor_de_guinda.jpg",,,
